,project_name,project_url,snky_url,project_test_frequency,project_total_dependency,project_last_tested,project_issue_count,project_monitored
0,af-mutual-funds-platform,http://bitbucket.org/alphafront-t1/epf-service-v2,https://app.snyk.io/org/af-mutual-funds-platform/project/b3b40b1c-d9af-4ff8-9e92-86b7ecad3cbb,daily,425,2023-01-20T21:12:57.555Z,"IssueCounts(low=2, medium=8, high=1, critical=0)",True
1,af-mutual-funds-platform,,https://app.snyk.io/org/af-mutual-funds-platform/project/40a077b8-0ee3-4d97-91eb-2256878b2e3c,daily,392,2023-01-20T20:07:57.344Z,"IssueCounts(low=2, medium=7, high=1, critical=0)",True
2,af-mutual-funds-platform,http://bitbucket.org/alphafront-t1/mf-platform-fund-management,https://app.snyk.io/org/af-mutual-funds-platform/project/507092d5-8dcb-43b1-81b1-bac97ed5c429,daily,65,2023-01-20T17:03:52.317Z,"IssueCounts(low=4, medium=7, high=3, critical=0)",True
3,af-mutual-funds-platform,,https://app.snyk.io/org/af-mutual-funds-platform/project/c08aee10-1d45-4f03-b3fb-7da1a9c761b5,daily,381,2023-01-20T16:46:33.890Z,"IssueCounts(low=5, medium=13, high=2, critical=0)",True
4,af-mutual-funds-platform,http://bitbucket.org/alphafront-t1/mf-transactions-reverse-feed-processing,https://app.snyk.io/org/af-mutual-funds-platform/project/85f2f5db-0f99-4fc1-8c37-9d6af9145a50,daily,155,2023-01-20T11:01:22.335Z,"IssueCounts(low=8, medium=22, high=18, critical=1)",True
5,af-mutual-funds-platform,,https://app.snyk.io/org/af-mutual-funds-platform/project/ea22e0c9-3c01-4478-b8d6-655cf183d429,daily,0,2023-01-20T09:51:16.231Z,"IssueCounts(low=0, medium=0, high=0, critical=0)",True
6,af-mutual-funds-platform,http://bitbucket.org/alphafront-t1/mf-platform-user,https://app.snyk.io/org/af-mutual-funds-platform/project/4aab1c4b-748e-4c0f-b61a-fac5e1bffcf1,daily,420,2023-01-20T07:38:44.086Z,"IssueCounts(low=2, medium=7, high=1, critical=0)",True
7,af-mutual-funds-platform,http://bitbucket.org/alphafront-t1/mf-platform-cvl-connector-v3,https://app.snyk.io/org/af-mutual-funds-platform/project/5204df4f-7b38-4f31-ad75-0dfd98ea02f8,daily,121,2023-01-20T07:31:31.951Z,"IssueCounts(low=3, medium=13, high=4, critical=0)",True
8,af-mutual-funds-platform,,https://app.snyk.io/org/af-mutual-funds-platform/project/7bd9f716-2dd1-460b-be93-a4f556017aad,weekly,0,2023-01-20T05:05:11.080Z,"IssueCounts(low=1, medium=1, high=0, critical=0)",True
9,af-mutual-funds-platform,http://bitbucket.org/alphafront-t1/wealth-nps-tracker,https://app.snyk.io/org/af-mutual-funds-platform/project/2f728a05-1707-419d-ade2-7f2e03053220,daily,155,2023-01-20T03:16:52.266Z,"IssueCounts(low=7, medium=14, high=2, critical=1)",True
10,af-mutual-funds-platform,,https://app.snyk.io/org/af-mutual-funds-platform/project/87000042-2fdc-427a-85fd-6f7b33eb6d69,daily,120,2023-01-20T02:07:01.156Z,"IssueCounts(low=51, medium=0, high=6, critical=5)",True
11,af-mutual-funds-platform,http://bitbucket.org/alphafront-t1/mf-transactions-processing,https://app.snyk.io/org/af-mutual-funds-platform/project/74ae46e8-8adb-4a3f-b426-522e2de58fc2,daily,146,2023-01-20T00:56:24.210Z,"IssueCounts(low=8, medium=22, high=18, critical=1)",True
12,af-mutual-funds-platform,http://bitbucket.org/alphafront-t1/mf-transactions-reverse-feed-processing,https://app.snyk.io/org/af-mutual-funds-platform/project/b5c0c68e-6f6e-4fb7-99e6-aa64369e9d05,daily,144,2023-01-20T00:53:04.900Z,"IssueCounts(low=8, medium=22, high=18, critical=1)",True
13,af-mutual-funds-platform,http://bitbucket.org/alphafront-t1/mf-transactions-feed-processing,https://app.snyk.io/org/af-mutual-funds-platform/project/98fb3791-e4b9-4a5d-9373-a909bb9b2652,daily,146,2023-01-20T00:51:13.830Z,"IssueCounts(low=8, medium=22, high=19, critical=1)",True
14,af-mutual-funds-platform,http://bitbucket.org/alphafront-t1/mf-transactions-processing,https://app.snyk.io/org/af-mutual-funds-platform/project/2afe1600-b459-43d6-beec-a3d0648cd494,daily,144,2023-01-20T00:42:01.148Z,"IssueCounts(low=8, medium=22, high=18, critical=1)",True
15,af-mutual-funds-platform,,https://app.snyk.io/org/af-mutual-funds-platform/project/d717ba32-6222-4606-9975-a3160f86a7f5,weekly,0,2023-01-19T23:53:57.219Z,"IssueCounts(low=4, medium=3, high=0, critical=0)",True
16,af-mutual-funds-platform,http://bitbucket.org/alphafront-t1/mf-platform-nominee-service,https://app.snyk.io/org/af-mutual-funds-platform/project/bab19dd0-91f1-45a1-a19f-47352dc2274b,daily,63,2023-01-19T23:35:52.869Z,"IssueCounts(low=2, medium=7, high=1, critical=0)",True
17,af-mutual-funds-platform,,https://app.snyk.io/org/af-mutual-funds-platform/project/2b4debbf-c57a-4dd8-abd4-55fe4f9f81a0,daily,120,2023-01-19T23:30:49.909Z,"IssueCounts(low=51, medium=0, high=6, critical=5)",True
18,af-mutual-funds-platform,,https://app.snyk.io/org/af-mutual-funds-platform/project/c10bb872-0064-4254-a865-7e029f59bcba,daily,120,2023-01-19T22:13:54.038Z,"IssueCounts(low=51, medium=0, high=6, critical=5)",True
19,af-mutual-funds-platform,http://bitbucket.org/alphafront-t1/mf-fund-info-kafka-consumer,https://app.snyk.io/org/af-mutual-funds-platform/project/aed7d8a7-4644-45ff-b78a-1d5d63f621fb,daily,97,2023-01-19T21:04:44.180Z,"IssueCounts(low=2, medium=1, high=1, critical=0)",True
20,af-mutual-funds-platform,,https://app.snyk.io/org/af-mutual-funds-platform/project/d2e0c15f-0bd4-4079-a7e8-9a8dc9d8cb37,weekly,0,2023-01-19T06:04:34.573Z,"IssueCounts(low=4, medium=3, high=0, critical=0)",True
21,af-mutual-funds-platform,,https://app.snyk.io/org/af-mutual-funds-platform/project/c883928b-0f85-441c-b77c-23a761f40eac,weekly,0,2023-01-19T05:01:43.122Z,"IssueCounts(low=2, medium=3, high=0, critical=0)",True
22,bedrock-1rn,,https://app.snyk.io/org/bedrock-1rn/project/a8470c10-5c35-44f8-b7ff-7e03926b7f15,daily,45,2023-01-21T00:29:16.355Z,"IssueCounts(low=0, medium=0, high=0, critical=0)",True
23,bedrock-1rn,,https://app.snyk.io/org/bedrock-1rn/project/5d475dc8-61e1-489a-a30c-80512a20b381,daily,1,2023-01-20T23:35:10.765Z,"IssueCounts(low=0, medium=0, high=0, critical=0)",True
24,bedrock-1rn,,https://app.snyk.io/org/bedrock-1rn/project/6fb5d5d5-f226-4d5d-8f61-b07c1977d1f0,daily,0,2023-01-20T23:15:20.898Z,"IssueCounts(low=0, medium=0, high=0, critical=0)",True
25,bedrock-1rn,http://bitbucket.org/ninjafactory/bedrock-lambda-dependencies,https://app.snyk.io/org/bedrock-1rn/project/31ddd21f-b325-4d63-b364-0036887922e9,daily,0,2023-01-20T21:58:18.212Z,"IssueCounts(low=0, medium=0, high=0, critical=0)",True
26,bedrock-1rn,,https://app.snyk.io/org/bedrock-1rn/project/336b5ab6-ce5e-4aa3-9e6c-dcc01b000f91,daily,166,2023-01-20T21:45:12.037Z,"IssueCounts(low=2, medium=7, high=5, critical=0)",True
27,bedrock-1rn,,https://app.snyk.io/org/bedrock-1rn/project/d5ee1112-7ecd-4906-88db-1d21960936b9,daily,124,2023-01-20T21:40:35.758Z,"IssueCounts(low=0, medium=0, high=0, critical=0)",True
28,bedrock-1rn,http://bitbucket.org/ninjafactory/bedrock-app-config-service,https://app.snyk.io/org/bedrock-1rn/project/6564e5e2-6e92-46ec-a07b-d58e7079488f,daily,459,2023-01-20T21:03:29.414Z,"IssueCounts(low=2, medium=7, high=1, critical=0)",True
29,bedrock-1rn,,https://app.snyk.io/org/bedrock-1rn/project/40a0bb2c-e3f6-4809-8353-2bd5eefab33b,daily,0,2023-01-20T20:24:12.834Z,"IssueCounts(low=0, medium=0, high=0, critical=0)",True
30,bedrock-1rn,,https://app.snyk.io/org/bedrock-1rn/project/690de88b-2ad7-42b4-90ae-3562654980d0,daily,93,2023-01-20T20:02:23.715Z,"IssueCounts(low=0, medium=0, high=1, critical=0)",True
31,bedrock-1rn,,https://app.snyk.io/org/bedrock-1rn/project/698b30a1-c402-4a3b-9772-6743b98059a0,daily,1690,2023-01-20T19:59:46.455Z,"IssueCounts(low=1, medium=24, high=13, critical=0)",True
32,bedrock-1rn,,https://app.snyk.io/org/bedrock-1rn/project/ccd9d20f-e1c8-4fd0-b6a9-d46e3370614c,daily,0,2023-01-20T19:18:08.405Z,"IssueCounts(low=0, medium=0, high=0, critical=0)",True
33,bedrock-1rn,,https://app.snyk.io/org/bedrock-1rn/project/a1bfab2e-5e70-493a-b33e-8d8eaba910b7,daily,0,2023-01-20T18:49:39.995Z,"IssueCounts(low=0, medium=0, high=0, critical=0)",True
34,bedrock-1rn,,https://app.snyk.io/org/bedrock-1rn/project/cee0888c-708f-424d-9144-df6e2eed8b9e,daily,209,2023-01-20T18:31:45.343Z,"IssueCounts(low=0, medium=3, high=1, critical=0)",True
35,bedrock-1rn,,https://app.snyk.io/org/bedrock-1rn/project/28318f66-3721-4c00-a267-d7590c6f1117,daily,1,2023-01-20T18:25:57.328Z,"IssueCounts(low=0, medium=0, high=0, critical=0)",True
36,bedrock-1rn,http://bitbucket.org/ninjafactory/fd-backend-service,https://app.snyk.io/org/bedrock-1rn/project/bcced9ff-e860-41bf-9a34-93efc8229307,daily,454,2023-01-20T17:45:43.576Z,"IssueCounts(low=1, medium=8, high=1, critical=0)",True
37,bedrock-1rn,,https://app.snyk.io/org/bedrock-1rn/project/bb7f0f5f-5f62-4164-9cc7-237e8d249f3f,daily,5,2023-01-20T17:30:35.059Z,"IssueCounts(low=0, medium=0, high=0, critical=0)",True
38,bedrock-1rn,,https://app.snyk.io/org/bedrock-1rn/project/07a53a6f-0317-44cc-9f6b-91b3417ea2c5,daily,0,2023-01-20T17:28:11.416Z,"IssueCounts(low=0, medium=0, high=0, critical=0)",True
39,bedrock-1rn,,https://app.snyk.io/org/bedrock-1rn/project/25b32739-bc1e-40b4-80cc-05a630d5c9d7,daily,0,2023-01-20T17:06:44.191Z,"IssueCounts(low=0, medium=0, high=0, critical=0)",True
40,bedrock-1rn,,https://app.snyk.io/org/bedrock-1rn/project/9d9cc0ef-ed74-47a5-b42d-2d6842bb6fb6,daily,1,2023-01-20T16:40:42.841Z,"IssueCounts(low=0, medium=0, high=0, critical=0)",True
41,bedrock-1rn,http://bitbucket.org/ninjafactory/bedrock-appconfig-api,https://app.snyk.io/org/bedrock-1rn/project/4c0a0b20-0d86-45f5-bd35-a1578c9ead84,daily,443,2023-01-20T15:37:01.147Z,"IssueCounts(low=1, medium=7, high=1, critical=0)",True
42,bedrock-1rn,,https://app.snyk.io/org/bedrock-1rn/project/890d7894-6c74-4a86-96f2-a929b9cc6a9a,daily,0,2023-01-20T10:36:00.454Z,"IssueCounts(low=0, medium=0, high=0, critical=0)",True
43,bedrock-1rn,,https://app.snyk.io/org/bedrock-1rn/project/f85bacdb-5b2f-4839-b191-df8fed33dea9,daily,0,2023-01-20T10:35:59.779Z,"IssueCounts(low=0, medium=0, high=0, critical=0)",True
44,bedrock-1rn,,https://app.snyk.io/org/bedrock-1rn/project/8cf8e4ac-47a6-4d6d-b722-2c74d83c5822,daily,0,2023-01-20T09:55:14.122Z,"IssueCounts(low=0, medium=0, high=0, critical=0)",True
45,bedrock-1rn,,https://app.snyk.io/org/bedrock-1rn/project/9da603af-c73f-4695-b3f9-5fc1cc24b3b8,daily,1,2023-01-20T09:50:37.525Z,"IssueCounts(low=0, medium=0, high=0, critical=0)",True
46,bedrock-1rn,,https://app.snyk.io/org/bedrock-1rn/project/6687100a-a0a8-41f0-be93-c3ca0798efb1,daily,1,2023-01-20T09:50:09.710Z,"IssueCounts(low=0, medium=0, high=0, critical=0)",True
47,bedrock-1rn,,https://app.snyk.io/org/bedrock-1rn/project/93c00fc7-2232-4f84-925e-a415aa831fd7,daily,0,2023-01-20T09:37:53.905Z,"IssueCounts(low=0, medium=0, high=0, critical=0)",True
48,bedrock-1rn,,https://app.snyk.io/org/bedrock-1rn/project/c6b7b1ce-6c30-4e17-ab28-312e5d971a44,daily,128,2023-01-20T09:35:00.644Z,"IssueCounts(low=9, medium=35, high=62, critical=2)",True
49,bedrock-1rn,,https://app.snyk.io/org/bedrock-1rn/project/882f8309-d8ff-4cfc-9bcd-c1cee87f5969,daily,53,2023-01-20T09:20:00.592Z,"IssueCounts(low=0, medium=0, high=2, critical=0)",True
50,bedrock-1rn,http://bitbucket.org/ninjafactory/bedrock-wb-base,https://app.snyk.io/org/bedrock-1rn/project/66d932ab-8ac7-46bf-a917-bc0d4f83ca76,daily,53,2023-01-20T09:05:02.026Z,"IssueCounts(low=0, medium=0, high=2, critical=0)",True
51,bedrock-1rn,,https://app.snyk.io/org/bedrock-1rn/project/9ddd6046-c952-4e38-9d7a-9120084beea6,daily,137,2023-01-20T08:59:01.807Z,"IssueCounts(low=6, medium=41, high=60, critical=2)",True
52,bedrock-1rn,,https://app.snyk.io/org/bedrock-1rn/project/36e55b66-8a6c-4f16-bd08-c4392599df0d,daily,39,2023-01-20T08:42:40.118Z,"IssueCounts(low=7, medium=22, high=54, critical=1)",True
53,bedrock-1rn,,https://app.snyk.io/org/bedrock-1rn/project/a47f4b35-400e-42fa-9405-00250e31d001,daily,166,2023-01-20T07:48:06.800Z,"IssueCounts(low=2, medium=7, high=5, critical=0)",True
54,bedrock-1rn,,https://app.snyk.io/org/bedrock-1rn/project/bc6d392f-2f45-4e6c-ac32-a0adc70e0e8f,daily,306,2023-01-20T07:30:24.296Z,"IssueCounts(low=0, medium=3, high=2, critical=0)",True
55,bedrock-1rn,,https://app.snyk.io/org/bedrock-1rn/project/0167381b-403b-4b61-8fba-df34de77393f,daily,400,2023-01-20T07:14:33.866Z,"IssueCounts(low=9, medium=35, high=61, critical=2)",True
56,bedrock-1rn,,https://app.snyk.io/org/bedrock-1rn/project/7533eb52-2821-426e-892f-84c2e4c903c4,daily,64,2023-01-20T06:57:53.418Z,"IssueCounts(low=0, medium=3, high=1, critical=0)",True
57,bedrock-1rn,,https://app.snyk.io/org/bedrock-1rn/project/0e5c11d4-e65e-422e-a9e7-e22d6e577a9f,daily,0,2023-01-20T06:57:28.698Z,"IssueCounts(low=0, medium=0, high=0, critical=0)",True
58,bedrock-1rn,,https://app.snyk.io/org/bedrock-1rn/project/293ffcf0-99f8-4e05-805c-95eab0886e02,daily,0,2023-01-20T06:56:18.123Z,"IssueCounts(low=0, medium=0, high=0, critical=0)",True
59,bedrock-1rn,,https://app.snyk.io/org/bedrock-1rn/project/9f717553-a3c9-4f5d-a8e2-30ef9195d3a2,daily,42,2023-01-20T06:50:41.283Z,"IssueCounts(low=0, medium=0, high=0, critical=0)",True
60,bedrock-1rn,,https://app.snyk.io/org/bedrock-1rn/project/dd6c821b-72ca-463b-a00d-eb31782381ad,daily,47,2023-01-20T06:34:31.456Z,"IssueCounts(low=4, medium=14, high=49, critical=1)",True
61,bedrock-1rn,,https://app.snyk.io/org/bedrock-1rn/project/ef5c7fd9-3c27-4513-ace2-00a417b108c9,daily,490,2023-01-20T06:00:42.747Z,"IssueCounts(low=11, medium=42, high=63, critical=2)",True
62,bedrock-1rn,http://bitbucket.org/ninjafactory/bedrock-axios-with-e2ee,https://app.snyk.io/org/bedrock-1rn/project/fe4acb13-ffc3-4b43-a42e-f43f8a6d3d74,daily,22,2023-01-20T05:52:44.854Z,"IssueCounts(low=1, medium=7, high=2, critical=0)",True
63,bedrock-1rn,http://bitbucket.org/ninjafactory/bedrock-kafka-proxy-v3,https://app.snyk.io/org/bedrock-1rn/project/0b7cf235-62ab-4103-aae4-3e477f5674ad,daily,127,2023-01-20T05:48:24.694Z,"IssueCounts(low=3, medium=11, high=4, critical=0)",True
64,bedrock-1rn,,https://app.snyk.io/org/bedrock-1rn/project/efbf966a-2829-49bc-90e8-bd1cdc337ee9,daily,0,2023-01-20T05:26:35.245Z,"IssueCounts(low=0, medium=0, high=0, critical=0)",True
65,bedrock-1rn,,https://app.snyk.io/org/bedrock-1rn/project/71b11a3d-0583-4118-a52c-69ad5c3115c5,daily,0,2023-01-20T05:00:35.495Z,"IssueCounts(low=0, medium=0, high=0, critical=0)",True
66,bedrock-1rn,,https://app.snyk.io/org/bedrock-1rn/project/f4d49fa0-63f0-43b3-a4e6-ec85df4a2ba6,daily,0,2023-01-20T05:00:18.670Z,"IssueCounts(low=0, medium=0, high=0, critical=0)",True
67,bedrock-1rn,,https://app.snyk.io/org/bedrock-1rn/project/18bf94ef-8a66-45fe-a284-5f0a2a8f241a,daily,57,2023-01-20T04:58:06.526Z,"IssueCounts(low=0, medium=3, high=1, critical=0)",True
68,bedrock-1rn,,https://app.snyk.io/org/bedrock-1rn/project/c75ab48f-8828-43fc-b40e-5820c05f6ffa,daily,0,2023-01-20T03:58:33.034Z,"IssueCounts(low=0, medium=0, high=0, critical=0)",True
69,bedrock-1rn,http://bitbucket.org/ninjafactory/bedrock-event-backbone,https://app.snyk.io/org/bedrock-1rn/project/47f62e71-95cc-467d-ab42-f7457c0845ea,daily,0,2023-01-20T03:56:20.082Z,"IssueCounts(low=0, medium=0, high=0, critical=0)",True
70,bedrock-1rn,,https://app.snyk.io/org/bedrock-1rn/project/58f95df2-80af-447b-bef2-01539d99bddb,daily,28,2023-01-20T03:46:23.016Z,"IssueCounts(low=0, medium=0, high=0, critical=0)",True
71,bedrock-1rn,http://bitbucket.org/ninjafactory/bedrock-wb-navigator,https://app.snyk.io/org/bedrock-1rn/project/1d133a68-466a-4a03-9b4f-fc1b4b1c9a41,daily,166,2023-01-20T03:38:07.260Z,"IssueCounts(low=2, medium=7, high=5, critical=0)",True
72,bedrock-1rn,,https://app.snyk.io/org/bedrock-1rn/project/0fcd3b9f-f588-4dd1-aaae-9d47167b07b4,daily,2,2023-01-20T03:34:32.940Z,"IssueCounts(low=0, medium=0, high=0, critical=0)",True
73,bedrock-1rn,,https://app.snyk.io/org/bedrock-1rn/project/1ba36c81-5d77-4e71-8efd-885468514292,daily,1,2023-01-20T03:21:34.599Z,"IssueCounts(low=0, medium=0, high=0, critical=0)",True
74,bedrock-1rn,,https://app.snyk.io/org/bedrock-1rn/project/a3aa0e91-c585-4eae-bfac-5ec1fc6b574a,daily,45,2023-01-20T03:17:20.770Z,"IssueCounts(low=0, medium=0, high=0, critical=0)",True
75,bedrock-1rn,,https://app.snyk.io/org/bedrock-1rn/project/16cc1dae-28de-42d4-bcf8-a9094200b12d,daily,29,2023-01-20T03:00:42.871Z,"IssueCounts(low=0, medium=0, high=0, critical=0)",True
76,bedrock-1rn,,https://app.snyk.io/org/bedrock-1rn/project/014efe0a-b33d-4407-9318-9b84208be34f,daily,227,2023-01-20T02:50:02.329Z,"IssueCounts(low=0, medium=3, high=2, critical=0)",True
77,bedrock-1rn,,https://app.snyk.io/org/bedrock-1rn/project/d0ef2599-54ce-4590-93d2-8e65c864ca7a,daily,0,2023-01-20T02:49:49.028Z,"IssueCounts(low=0, medium=0, high=0, critical=0)",True
78,bedrock-1rn,http://bitbucket.org/ninjafactory/bedrock-wb-login,https://app.snyk.io/org/bedrock-1rn/project/4e8072fe-f25b-497d-9bc3-7361771dfe2a,daily,1690,2023-01-20T02:44:41.781Z,"IssueCounts(low=1, medium=24, high=13, critical=0)",True
79,bedrock-1rn,,https://app.snyk.io/org/bedrock-1rn/project/e3325f31-b434-48c7-917d-79b616a133ea,daily,0,2023-01-20T02:37:30.647Z,"IssueCounts(low=0, medium=0, high=0, critical=0)",True
80,bedrock-1rn,,https://app.snyk.io/org/bedrock-1rn/project/3b9ced18-db34-4111-9252-af176336f849,daily,1,2023-01-20T01:53:05.486Z,"IssueCounts(low=0, medium=0, high=0, critical=0)",True
81,bedrock-1rn,,https://app.snyk.io/org/bedrock-1rn/project/ba78f3b4-5cef-42c6-8d4b-26be24351466,daily,184,2023-01-20T01:48:44.949Z,"IssueCounts(low=0, medium=1, high=0, critical=0)",True
82,bedrock-1rn,,https://app.snyk.io/org/bedrock-1rn/project/d77a574a-90fc-4d0e-98e4-5db14902985e,daily,99,2023-01-20T01:41:16.092Z,"IssueCounts(low=4, medium=38, high=59, critical=1)",True
83,bedrock-1rn,,https://app.snyk.io/org/bedrock-1rn/project/dc8f0059-ab01-4dc4-abe5-e5acee5b0771,daily,0,2023-01-20T01:18:07.481Z,"IssueCounts(low=0, medium=0, high=0, critical=0)",True
84,bedrock-1rn,,https://app.snyk.io/org/bedrock-1rn/project/90b2b789-11f7-40c4-8fce-dabbd5397afb,daily,154,2023-01-20T00:37:18.392Z,"IssueCounts(low=0, medium=0, high=1, critical=0)",True
85,bedrock-1rn,,https://app.snyk.io/org/bedrock-1rn/project/89ba2c65-bccc-4104-80ba-f02324802cbc,daily,22,2023-01-19T23:59:12.505Z,"IssueCounts(low=1, medium=7, high=2, critical=0)",True
86,bedrock-1rn,,https://app.snyk.io/org/bedrock-1rn/project/fe27eddb-239b-43a9-8288-a8317b4484e1,daily,0,2023-01-19T23:57:59.728Z,"IssueCounts(low=0, medium=0, high=0, critical=0)",True
87,bedrock-1rn,,https://app.snyk.io/org/bedrock-1rn/project/1cc7a1ab-d7c9-4894-a844-9b750e876465,daily,44,2023-01-19T23:52:42.260Z,"IssueCounts(low=0, medium=0, high=0, critical=0)",True
88,bedrock-1rn,,https://app.snyk.io/org/bedrock-1rn/project/d8d8feea-c806-4346-a4db-e7db09c7be48,daily,1,2023-01-19T23:52:20.261Z,"IssueCounts(low=0, medium=0, high=0, critical=0)",True
89,bedrock-1rn,,https://app.snyk.io/org/bedrock-1rn/project/1ab842fb-a3f1-48ae-bef8-73d3235a5d6d,daily,0,2023-01-19T23:51:15.058Z,"IssueCounts(low=0, medium=0, high=0, critical=0)",True
90,bedrock-1rn,,https://app.snyk.io/org/bedrock-1rn/project/f30f5d5b-e421-44c8-ac2f-ec0abb388f94,daily,414,2023-01-19T23:48:39.049Z,"IssueCounts(low=372, medium=27, high=4, critical=1)",True
91,bedrock-1rn,,https://app.snyk.io/org/bedrock-1rn/project/01b0e863-9dcb-431f-aea7-66182343c2d6,daily,128,2023-01-19T23:43:12.299Z,"IssueCounts(low=6, medium=41, high=59, critical=2)",True
92,bedrock-1rn,,https://app.snyk.io/org/bedrock-1rn/project/233be8b5-615d-440b-8b20-9bcab2bf1cb8,daily,0,2023-01-19T23:32:59.547Z,"IssueCounts(low=0, medium=0, high=0, critical=0)",True
93,bedrock-1rn,,https://app.snyk.io/org/bedrock-1rn/project/8e8adc93-747f-4f4a-9a92-2b49d61a408b,daily,0,2023-01-19T23:14:54.511Z,"IssueCounts(low=0, medium=0, high=0, critical=0)",True
94,bedrock-1rn,,https://app.snyk.io/org/bedrock-1rn/project/31a54fef-5736-45c5-a514-f98dbfe8d398,daily,53,2023-01-19T23:10:07.557Z,"IssueCounts(low=0, medium=0, high=2, critical=0)",True
95,bedrock-1rn,,https://app.snyk.io/org/bedrock-1rn/project/bac3153d-b73d-4e3a-8996-929e298f92b5,daily,4,2023-01-19T22:57:41.943Z,"IssueCounts(low=0, medium=0, high=0, critical=0)",True
96,bedrock-1rn,,https://app.snyk.io/org/bedrock-1rn/project/fdd8ec2a-5883-4e9b-9a7f-138926e3e8c0,daily,45,2023-01-19T22:51:08.663Z,"IssueCounts(low=0, medium=0, high=0, critical=0)",True
97,bedrock-1rn,http://bitbucket.org/ninjafactory/bedrock-cam-v3,https://app.snyk.io/org/bedrock-1rn/project/fa0d0e79-2228-4dfa-a3eb-4beebfac61bd,daily,0,2023-01-19T22:49:05.935Z,"IssueCounts(low=0, medium=0, high=0, critical=0)",True
98,bedrock-1rn,http://bitbucket.org/ninjafactory/bedrock-appconfig-api,https://app.snyk.io/org/bedrock-1rn/project/adf95c0a-6122-4a09-a02e-f92accf76377,daily,424,2023-01-19T22:47:13.406Z,"IssueCounts(low=1, medium=7, high=1, critical=0)",True
99,bedrock-1rn,http://bitbucket.org/ninjafactory/bedrock-app-config-service,https://app.snyk.io/org/bedrock-1rn/project/51a20b3d-d402-4036-8d5b-a01e31d10d59,daily,447,2023-01-19T22:46:49.736Z,"IssueCounts(low=1, medium=7, high=1, critical=0)",True
100,bedrock-1rn,http://bitbucket.org/ninjafactory/bedrock-event-processing-system,https://app.snyk.io/org/bedrock-1rn/project/4ed1ac34-1d61-4a49-9166-ec1d5dfd56fc,daily,0,2023-01-19T22:14:09.005Z,"IssueCounts(low=0, medium=0, high=0, critical=0)",True
101,bedrock-1rn,,https://app.snyk.io/org/bedrock-1rn/project/c00ace85-e109-4d71-937b-2728a95ad72e,daily,97,2023-01-19T22:11:35.004Z,"IssueCounts(low=4, medium=38, high=58, critical=1)",True
102,bedrock-1rn,,https://app.snyk.io/org/bedrock-1rn/project/3261d34c-c9d1-46e7-8eeb-9b3fe5e67f92,daily,44,2023-01-19T22:04:03.251Z,"IssueCounts(low=0, medium=0, high=0, critical=0)",True
103,bedrock-1rn,,https://app.snyk.io/org/bedrock-1rn/project/f2d982b1-07d2-4cca-ba7e-6585b2df5d5d,daily,51,2023-01-19T22:02:16.008Z,"IssueCounts(low=4, medium=14, high=49, critical=1)",True
104,bedrock-1rn,,https://app.snyk.io/org/bedrock-1rn/project/9039319f-1333-4e5e-bee5-837c5e838490,daily,0,2023-01-19T21:51:36.278Z,"IssueCounts(low=0, medium=0, high=0, critical=0)",True
105,bedrock-1rn,,https://app.snyk.io/org/bedrock-1rn/project/cc1189ae-c093-4723-bef8-8d80c8049867,daily,495,2023-01-19T21:48:38.243Z,"IssueCounts(low=10, medium=42, high=63, critical=2)",True
106,bedrock-1rn,,https://app.snyk.io/org/bedrock-1rn/project/a3fdfd9f-dd7a-43f3-80ba-a81d4cf4bf8d,daily,1,2023-01-19T21:30:42.501Z,"IssueCounts(low=0, medium=0, high=0, critical=0)",True
107,bedrock-1rn,,https://app.snyk.io/org/bedrock-1rn/project/d20248c6-07d8-46e1-b2a0-95aadcc547b1,daily,1,2023-01-19T21:08:26.426Z,"IssueCounts(low=0, medium=0, high=0, critical=0)",True
108,bedrock-1rn,,https://app.snyk.io/org/bedrock-1rn/project/1fb3917e-df62-488a-95b0-23caa5c6a2d6,daily,0,2023-01-19T21:00:54.404Z,"IssueCounts(low=0, medium=0, high=0, critical=0)",True
109,bedrock-1rn,http://bitbucket.org/ninjafactory/upi-niyopay-frontend-workbench,https://app.snyk.io/org/bedrock-1rn/project/5fc1d8ef-dd48-4f7c-8c06-a20b002878b3,daily,184,2023-01-19T20:34:28.470Z,"IssueCounts(low=0, medium=1, high=0, critical=0)",True
110,bedrock-1rn,,https://app.snyk.io/org/bedrock-1rn/project/ae416b66-a190-4ae2-9eb9-d349a290ebc5,daily,0,2023-01-19T20:26:44.980Z,"IssueCounts(low=0, medium=0, high=0, critical=0)",True
111,bedrock-1rn,,https://app.snyk.io/org/bedrock-1rn/project/0c88aa3e-0c8f-497d-accc-729291b2086b,daily,45,2023-01-19T20:23:33.153Z,"IssueCounts(low=0, medium=0, high=0, critical=0)",True
112,bedrock-1rn,,https://app.snyk.io/org/bedrock-1rn/project/09bd9b23-3577-4683-b586-e909aab8c42b,weekly,0,2023-01-19T08:00:56.273Z,"IssueCounts(low=0, medium=0, high=0, critical=0)",True
113,bedrock-1rn,,https://app.snyk.io/org/bedrock-1rn/project/12128a26-2433-4b01-b204-27810ff19303,weekly,0,2023-01-19T07:21:02.951Z,"IssueCounts(low=0, medium=0, high=0, critical=0)",True
114,bedrock-1rn,,https://app.snyk.io/org/bedrock-1rn/project/33900e59-9c74-4606-8ccc-5383864bf227,weekly,0,2023-01-19T07:12:32.664Z,"IssueCounts(low=2, medium=0, high=0, critical=0)",True
115,bedrock-1rn,,https://app.snyk.io/org/bedrock-1rn/project/c3481570-71a9-4987-bcca-1e2191b4802a,weekly,0,2023-01-19T07:04:52.214Z,"IssueCounts(low=0, medium=0, high=0, critical=0)",True
116,bedrock-1rn,,https://app.snyk.io/org/bedrock-1rn/project/2331aa57-efe5-4ad4-b14f-c954a83f47a0,weekly,0,2023-01-19T07:04:52.056Z,"IssueCounts(low=3, medium=0, high=0, critical=0)",True
117,bedrock-1rn,,https://app.snyk.io/org/bedrock-1rn/project/cad24360-224d-435e-9024-1f8d3447eefe,weekly,0,2023-01-19T06:50:30.912Z,"IssueCounts(low=0, medium=3, high=0, critical=0)",True
118,bedrock-1rn,,https://app.snyk.io/org/bedrock-1rn/project/b7d21c4c-6849-4d2e-b066-d4e640a61a30,weekly,0,2023-01-19T06:47:47.916Z,"IssueCounts(low=4, medium=0, high=0, critical=0)",True
119,bedrock-1rn,,https://app.snyk.io/org/bedrock-1rn/project/19d0117f-e1c1-4fb7-bf5b-b5b037e50976,weekly,0,2023-01-19T06:42:01.556Z,"IssueCounts(low=0, medium=1, high=0, critical=0)",True
120,bedrock-1rn,,https://app.snyk.io/org/bedrock-1rn/project/e6c4ef8e-62db-40bd-bdb4-fb418b017d71,weekly,0,2023-01-19T05:33:51.294Z,"IssueCounts(low=2, medium=0, high=0, critical=0)",True
121,bedrock-1rn,,https://app.snyk.io/org/bedrock-1rn/project/4b730f46-7940-4481-8b8a-d8bd06e5891d,weekly,0,2023-01-19T05:23:47.778Z,"IssueCounts(low=3, medium=0, high=0, critical=0)",True
122,bedrock-1rn,,https://app.snyk.io/org/bedrock-1rn/project/7986c9fd-373d-49ae-b548-385697bfcdd5,weekly,0,2023-01-19T05:22:07.175Z,"IssueCounts(low=2, medium=2, high=0, critical=0)",True
123,bedrock-1rn,,https://app.snyk.io/org/bedrock-1rn/project/41d00f65-0e4e-4899-9316-ffd5e36ddf82,weekly,0,2023-01-19T05:19:08.800Z,"IssueCounts(low=0, medium=0, high=0, critical=0)",True
124,bedrock-1rn,,https://app.snyk.io/org/bedrock-1rn/project/46ac5caa-36cc-4606-ac4f-987f83539252,weekly,0,2023-01-19T05:12:00.187Z,"IssueCounts(low=0, medium=0, high=0, critical=0)",True
125,bedrock-1rn,,https://app.snyk.io/org/bedrock-1rn/project/8d58e02f-9231-4bf2-8bbf-22a79cb2ec83,weekly,0,2023-01-19T05:11:15.675Z,"IssueCounts(low=2, medium=0, high=0, critical=0)",True
126,bedrock-1rn,,https://app.snyk.io/org/bedrock-1rn/project/192554f9-d0d2-45eb-ac5d-5c073bbc02fc,weekly,0,2023-01-19T04:26:24.155Z,"IssueCounts(low=2, medium=3, high=0, critical=0)",True
127,bedrock-1rn,,https://app.snyk.io/org/bedrock-1rn/project/a28600c6-1561-47e0-9fbd-5064b7184d2a,weekly,0,2023-01-19T04:04:25.217Z,"IssueCounts(low=0, medium=0, high=0, critical=0)",True
128,bedrock-1rn,,https://app.snyk.io/org/bedrock-1rn/project/e34df0fa-2133-4893-9b28-1823c7f3a64c,weekly,0,2023-01-19T03:50:42.955Z,"IssueCounts(low=2, medium=0, high=0, critical=0)",True
129,bedrock-1rn,,https://app.snyk.io/org/bedrock-1rn/project/5694775f-394d-4071-9256-8f5ad8d0fc1c,weekly,0,2023-01-19T03:47:58.163Z,"IssueCounts(low=0, medium=1, high=0, critical=0)",True
130,bedrock-1rn,,https://app.snyk.io/org/bedrock-1rn/project/cc3f3707-59a8-4274-a670-96d30d6ef44a,weekly,0,2023-01-19T03:40:27.573Z,"IssueCounts(low=2, medium=3, high=0, critical=0)",True
131,bedrock-1rn,,https://app.snyk.io/org/bedrock-1rn/project/6ad6edd9-be69-4ad7-8a97-8ae345c30f7b,weekly,0,2023-01-19T03:22:14.849Z,"IssueCounts(low=5, medium=8, high=0, critical=0)",True
132,bedrock-1rn,,https://app.snyk.io/org/bedrock-1rn/project/9cafdaf8-e14f-41ac-a69f-465171f023e8,weekly,0,2023-01-19T02:51:36.774Z,"IssueCounts(low=1, medium=0, high=0, critical=0)",True
133,bedrock-1rn,,https://app.snyk.io/org/bedrock-1rn/project/e8a50fab-20d2-4689-a5e6-29e18a3f8c02,weekly,0,2023-01-19T02:18:25.739Z,"IssueCounts(low=0, medium=0, high=0, critical=0)",True
134,bedrock-1rn,,https://app.snyk.io/org/bedrock-1rn/project/24fc7c7e-92d2-4a5c-ba54-6fa9ae2ac356,weekly,0,2023-01-19T02:17:11.052Z,"IssueCounts(low=1, medium=1, high=0, critical=0)",True
135,bedrock-1rn,,https://app.snyk.io/org/bedrock-1rn/project/3a0f2bf7-2bb0-49f2-b0ba-dac12d42702f,weekly,0,2023-01-19T01:42:21.615Z,"IssueCounts(low=0, medium=0, high=0, critical=0)",True
136,bedrock-1rn,,https://app.snyk.io/org/bedrock-1rn/project/004bf8f4-7b11-40a5-b855-ca4c39cf222a,weekly,0,2023-01-19T01:11:24.605Z,"IssueCounts(low=0, medium=1, high=0, critical=0)",True
137,bedrock-1rn,,https://app.snyk.io/org/bedrock-1rn/project/f1d4c43b-8b29-4da5-a6eb-25679e8fb1e4,weekly,0,2023-01-19T00:44:19.832Z,"IssueCounts(low=3, medium=3, high=0, critical=0)",True
138,bedrock-1rn,,https://app.snyk.io/org/bedrock-1rn/project/16bc7d15-f5ae-4007-8540-357e78de4ca2,weekly,0,2023-01-19T00:26:05.369Z,"IssueCounts(low=1, medium=2, high=0, critical=0)",True
139,bedrock-1rn,,https://app.snyk.io/org/bedrock-1rn/project/a27e157e-a5f0-42e7-878b-ed496f75ef38,weekly,0,2023-01-18T23:38:59.776Z,"IssueCounts(low=4, medium=0, high=0, critical=0)",True
140,bedrock-1rn,,https://app.snyk.io/org/bedrock-1rn/project/4a4364dc-0a4d-4ef2-b262-0a65baf0fd23,weekly,0,2023-01-18T23:25:43.754Z,"IssueCounts(low=0, medium=2, high=0, critical=0)",True
141,bedrock-1rn,,https://app.snyk.io/org/bedrock-1rn/project/ff3e516a-f037-4530-a031-c184492e923e,weekly,0,2023-01-18T22:45:14.348Z,"IssueCounts(low=3, medium=0, high=0, critical=0)",True
142,bedrock-1rn,,https://app.snyk.io/org/bedrock-1rn/project/e0365395-0d67-485e-92e1-5e6561a162e6,weekly,0,2023-01-18T22:22:52.774Z,"IssueCounts(low=6, medium=2, high=0, critical=0)",True
143,bedrock-1rn,,https://app.snyk.io/org/bedrock-1rn/project/81f06ff8-2c46-4d6b-af86-65a6b5cae002,weekly,0,2023-01-18T22:03:33.460Z,"IssueCounts(low=2, medium=3, high=0, critical=0)",True
144,bedrock-1rn,,https://app.snyk.io/org/bedrock-1rn/project/d7d0b79b-0536-4b5c-a582-896f2f40bfc2,weekly,0,2023-01-18T21:48:11.205Z,"IssueCounts(low=3, medium=0, high=0, critical=0)",True
145,bedrock-1rn,,https://app.snyk.io/org/bedrock-1rn/project/1f9a53aa-91d6-46e7-8c51-3648c78cb87a,weekly,0,2023-01-18T21:23:54.636Z,"IssueCounts(low=4, medium=0, high=0, critical=0)",True
146,bedrock-1rn,,https://app.snyk.io/org/bedrock-1rn/project/9d826775-ae9a-4325-b69b-fda7eb9c7ca8,weekly,0,2023-01-18T21:02:48.557Z,"IssueCounts(low=4, medium=0, high=0, critical=0)",True
147,bedrock-1rn,,https://app.snyk.io/org/bedrock-1rn/project/82ef80b9-d6c7-43e4-a66b-f1d888f22194,weekly,0,2023-01-18T20:45:09.607Z,"IssueCounts(low=0, medium=0, high=0, critical=0)",True
148,bedrock-1rn,,https://app.snyk.io/org/bedrock-1rn/project/609b5b0a-92d5-4d2f-8500-dbb3acd1829b,weekly,0,2023-01-18T20:35:05.299Z,"IssueCounts(low=0, medium=0, high=0, critical=0)",True
149,bedrock-1rn,,https://app.snyk.io/org/bedrock-1rn/project/f864f145-3994-4022-af18-e586e6c6e00e,weekly,0,2023-01-18T20:06:16.513Z,"IssueCounts(low=0, medium=0, high=0, critical=0)",True
150,bedrock-1rn,,https://app.snyk.io/org/bedrock-1rn/project/1c0849e4-d75a-4238-900e-b7e991ab5048,weekly,0,2023-01-18T19:22:57.531Z,"IssueCounts(low=0, medium=1, high=0, critical=0)",True
151,bedrock-1rn,,https://app.snyk.io/org/bedrock-1rn/project/3c19b10e-9b6f-4cb4-8dfd-620398cf244f,weekly,0,2023-01-18T19:20:20.330Z,"IssueCounts(low=1, medium=0, high=0, critical=0)",True
152,bedrock-1rn,,https://app.snyk.io/org/bedrock-1rn/project/dafc368a-288f-44c0-abe2-d2aba41fd949,weekly,0,2023-01-18T19:13:11.364Z,"IssueCounts(low=2, medium=3, high=0, critical=0)",True
153,bedrock-1rn,,https://app.snyk.io/org/bedrock-1rn/project/458831af-ee87-4f1e-9a90-e0f2056aab7b,weekly,0,2023-01-18T19:03:11.595Z,"IssueCounts(low=0, medium=0, high=0, critical=0)",True
154,bedrock-1rn,,https://app.snyk.io/org/bedrock-1rn/project/a0439257-9e1e-47c2-ad8e-4cd75827e658,weekly,0,2023-01-18T18:57:26.693Z,"IssueCounts(low=5, medium=8, high=0, critical=0)",True
155,bedrock-1rn,,https://app.snyk.io/org/bedrock-1rn/project/2fdb1dbd-2bec-4635-a1e0-0e555257b614,weekly,0,2023-01-18T18:52:54.435Z,"IssueCounts(low=0, medium=0, high=0, critical=0)",True
156,bedrock-1rn,,https://app.snyk.io/org/bedrock-1rn/project/58ba862f-8e3a-4f2a-b6a7-f54ede85d8f3,weekly,0,2023-01-18T17:59:40.279Z,"IssueCounts(low=2, medium=4, high=0, critical=0)",True
157,bedrock-1rn,,https://app.snyk.io/org/bedrock-1rn/project/182953ec-cc8a-4e0c-9a07-3ad3330c8828,weekly,0,2023-01-18T17:30:55.653Z,"IssueCounts(low=1, medium=1, high=0, critical=0)",True
158,bedrock-1rn,,https://app.snyk.io/org/bedrock-1rn/project/5509fd4a-75e1-4d76-88b7-e4f872ff3049,weekly,0,2023-01-18T17:14:02.940Z,"IssueCounts(low=5, medium=3, high=0, critical=0)",True
159,bedrock-1rn,,https://app.snyk.io/org/bedrock-1rn/project/4c0ea529-acd4-4193-8e9d-5f51d086d765,weekly,0,2023-01-18T16:49:11.251Z,"IssueCounts(low=0, medium=0, high=0, critical=0)",True
160,bedrock-1rn,,https://app.snyk.io/org/bedrock-1rn/project/2f61257a-7682-42d5-a19a-0212f5c06454,weekly,0,2023-01-17T07:23:56.184Z,"IssueCounts(low=5, medium=8, high=0, critical=0)",True
161,bedrock-1rn,,https://app.snyk.io/org/bedrock-1rn/project/608e5c0d-f1ea-4c27-b7af-5e52eba2bfe1,weekly,0,2023-01-17T06:28:03.072Z,"IssueCounts(low=5, medium=9, high=0, critical=0)",True
162,bedrock-1rn,,https://app.snyk.io/org/bedrock-1rn/project/70332567-75d6-41a1-a836-e271fa7d7c4c,weekly,0,2023-01-17T06:22:33.278Z,"IssueCounts(low=1, medium=0, high=0, critical=0)",True
163,bedrock-1rn,,https://app.snyk.io/org/bedrock-1rn/project/bf8fdbee-55dc-437b-8afe-033e35508eb4,weekly,0,2023-01-17T01:17:11.473Z,"IssueCounts(low=7, medium=2, high=0, critical=0)",True
164,bedrock-1rn,,https://app.snyk.io/org/bedrock-1rn/project/bd5ea963-788d-406b-a095-7c95bba5e14c,weekly,0,2023-01-17T01:02:29.041Z,"IssueCounts(low=7, medium=2, high=0, critical=0)",True
165,bedrock-1rn,,https://app.snyk.io/org/bedrock-1rn/project/c1cb1e5d-c78a-4ae8-9903-70429e1889d5,weekly,0,2023-01-16T22:00:27.804Z,"IssueCounts(low=1, medium=0, high=0, critical=0)",True
166,bedrock-1rn,,https://app.snyk.io/org/bedrock-1rn/project/cb63f0ff-e23a-4c0e-87b6-071fabf4a513,weekly,0,2023-01-16T17:00:08.889Z,"IssueCounts(low=1, medium=0, high=0, critical=0)",True
167,bedrock-1rn,,https://app.snyk.io/org/bedrock-1rn/project/bae83ac3-77b4-49e3-9c5c-210a85654912,daily,445,2023-01-09T19:18:14.759Z,"IssueCounts(low=1, medium=9, high=0, critical=0)",True
168,bedrock-1rn,,https://app.snyk.io/org/bedrock-1rn/project/d4308828-e200-4bfd-9dc6-9ed16b53b883,weekly,0,2022-11-10T06:20:42.954Z,"IssueCounts(low=4, medium=0, high=0, critical=0)",True
169,bedrock-1rn,,https://app.snyk.io/org/bedrock-1rn/project/a429924a-ec03-42c0-8680-e161b0d85c66,daily,215,2022-10-17T10:43:28.155Z,"IssueCounts(low=0, medium=0, high=0, critical=0)",True
170,bedrock-1rn,,https://app.snyk.io/org/bedrock-1rn/project/87e02625-f41e-4632-8b24-5a704644a159,daily,152,2022-10-17T10:42:11.179Z,"IssueCounts(low=0, medium=0, high=0, critical=0)",True
171,bedrock-1rn,,https://app.snyk.io/org/bedrock-1rn/project/fcb04283-9642-4aec-ae50-1a2a79ddb1ef,daily,27,2022-10-17T10:34:36.158Z,"IssueCounts(low=0, medium=0, high=0, critical=0)",True
172,bedrock-1rn,,https://app.snyk.io/org/bedrock-1rn/project/2c60b07a-db10-45bc-994d-17afcfada02e,daily,89,2022-10-17T10:13:12.477Z,"IssueCounts(low=0, medium=0, high=0, critical=0)",True
173,bedrock-1rn,,https://app.snyk.io/org/bedrock-1rn/project/e9b439ea-c5af-4c6a-85b0-8f011a8a0555,daily,1,2022-10-15T02:48:51.654Z,"IssueCounts(low=0, medium=0, high=0, critical=0)",True
174,bedrock-1rn,,https://app.snyk.io/org/bedrock-1rn/project/13b876ed-7293-45ea-99c9-3ae52fdc8ec8,daily,0,2022-10-12T22:35:19.470Z,"IssueCounts(low=0, medium=0, high=0, critical=0)",True
175,alphafront,,https://app.snyk.io/org/alphafront/project/35d5cca4-778e-43be-81cc-039a78f3f8de,daily,26,2023-01-20T23:23:17.800Z,"IssueCounts(low=0, medium=4, high=2, critical=2)",True
176,alphafront,,https://app.snyk.io/org/alphafront/project/80f41bca-a35d-4945-a746-fc85ac2c1328,daily,18,2023-01-20T23:15:51.966Z,"IssueCounts(low=1, medium=4, high=1, critical=0)",True
177,alphafront,,https://app.snyk.io/org/alphafront/project/ad54c91a-e488-4903-97fb-c9960e953181,daily,10,2023-01-20T21:30:13.071Z,"IssueCounts(low=0, medium=3, high=0, critical=0)",True
178,alphafront,,https://app.snyk.io/org/alphafront/project/c41b6659-b7f6-47d7-b1f9-2b82e929a8fa,daily,19,2023-01-20T21:15:01.475Z,"IssueCounts(low=0, medium=3, high=1, critical=0)",True
179,alphafront,,https://app.snyk.io/org/alphafront/project/5adcffca-5bed-4d70-bc58-363ab21f38a7,daily,47,2023-01-20T21:08:50.395Z,"IssueCounts(low=0, medium=3, high=2, critical=0)",True
180,alphafront,,https://app.snyk.io/org/alphafront/project/82d87eae-dbe7-4288-8c21-5ded95f43986,daily,39,2023-01-20T21:00:05.551Z,"IssueCounts(low=0, medium=0, high=1, critical=0)",True
181,alphafront,,https://app.snyk.io/org/alphafront/project/bf95d530-af9f-43ce-a7e4-0d36f9e4e060,daily,34,2023-01-20T20:58:21.176Z,"IssueCounts(low=0, medium=1, high=1, critical=0)",True
182,alphafront,,https://app.snyk.io/org/alphafront/project/86ef5489-7b9a-4025-9e47-55638fe62dff,daily,44,2023-01-20T20:30:32.002Z,"IssueCounts(low=3, medium=4, high=0, critical=0)",True
183,alphafront,,https://app.snyk.io/org/alphafront/project/584969df-e820-4fef-953e-4b5c315d5fc7,daily,260,2023-01-20T19:48:51.213Z,"IssueCounts(low=1, medium=14, high=9, critical=0)",True
184,alphafront,,https://app.snyk.io/org/alphafront/project/acac4fb5-13f4-4953-97c1-5dba39bcd742,daily,609,2023-01-20T19:39:49.380Z,"IssueCounts(low=0, medium=3, high=5, critical=0)",True
185,alphafront,,https://app.snyk.io/org/alphafront/project/9f1bd61d-fd87-46c0-8bdb-4833793694e3,daily,0,2023-01-20T19:38:54.482Z,"IssueCounts(low=0, medium=0, high=0, critical=0)",True
186,alphafront,,https://app.snyk.io/org/alphafront/project/9cd98357-9437-4f06-9a5f-04da7db1b087,daily,2,2023-01-20T19:14:39.955Z,"IssueCounts(low=0, medium=0, high=0, critical=0)",True
187,alphafront,,https://app.snyk.io/org/alphafront/project/41e44ad1-6396-4cc3-925a-da5383fa5d14,daily,36,2023-01-20T18:53:48.967Z,"IssueCounts(low=0, medium=1, high=1, critical=0)",True
188,alphafront,,https://app.snyk.io/org/alphafront/project/231b99e7-1328-47fd-af0c-2e97ae5a28a2,daily,8,2023-01-20T18:53:12.035Z,"IssueCounts(low=0, medium=0, high=0, critical=0)",True
189,alphafront,,https://app.snyk.io/org/alphafront/project/c4460e12-d757-4ada-9304-ff02110af5a6,daily,365,2023-01-20T18:38:06.388Z,"IssueCounts(low=2, medium=15, high=12, critical=1)",True
190,alphafront,,https://app.snyk.io/org/alphafront/project/bc309c26-7d5f-48e9-9efb-8b788dec4487,daily,365,2023-01-20T18:34:56.172Z,"IssueCounts(low=2, medium=15, high=12, critical=1)",True
191,alphafront,,https://app.snyk.io/org/alphafront/project/4c7366ee-924e-45b0-b891-436f72adda84,daily,11,2023-01-20T18:29:12.449Z,"IssueCounts(low=1, medium=1, high=0, critical=0)",True
192,alphafront,,https://app.snyk.io/org/alphafront/project/1f9ece32-4848-4b4b-a01b-bc22ebd7daab,daily,1,2023-01-20T18:21:46.722Z,"IssueCounts(low=0, medium=0, high=0, critical=0)",True
193,alphafront,,https://app.snyk.io/org/alphafront/project/83e97946-1bf7-4cec-b4bd-f26fab8d4a0d,daily,190,2023-01-20T18:09:37.021Z,"IssueCounts(low=0, medium=11, high=10, critical=0)",True
194,alphafront,,https://app.snyk.io/org/alphafront/project/d2a5b2e4-9c58-4dda-89b5-0be69fd6f593,daily,414,2023-01-20T18:00:01.125Z,"IssueCounts(low=371, medium=28, high=4, critical=1)",True
195,alphafront,,https://app.snyk.io/org/alphafront/project/e4831c59-c9f8-4a00-8045-ef2de28d898b,daily,81,2023-01-20T17:51:13.418Z,"IssueCounts(low=0, medium=0, high=1, critical=0)",True
196,alphafront,,https://app.snyk.io/org/alphafront/project/a467f4e1-68be-4336-8166-47dbffea13c2,daily,2,2023-01-20T17:49:14.870Z,"IssueCounts(low=0, medium=2, high=1, critical=0)",True
197,alphafront,,https://app.snyk.io/org/alphafront/project/5696af5a-b342-4e09-b804-4f79e774a45a,daily,35,2023-01-20T17:35:17.303Z,"IssueCounts(low=0, medium=0, high=1, critical=0)",True
198,alphafront,,https://app.snyk.io/org/alphafront/project/975cc5fe-846f-4cef-8ad0-bd0521c4527c,daily,1,2023-01-20T17:31:58.980Z,"IssueCounts(low=0, medium=0, high=0, critical=0)",True
199,alphafront,,https://app.snyk.io/org/alphafront/project/9d43bb9d-e3d6-41a2-b22c-9dffde987d76,daily,16,2023-01-20T17:31:20.343Z,"IssueCounts(low=0, medium=3, high=1, critical=0)",True
200,alphafront,,https://app.snyk.io/org/alphafront/project/5c45119b-580c-430e-a355-e4e2e2e5fded,daily,77,2023-01-20T17:25:48.528Z,"IssueCounts(low=0, medium=20, high=7, critical=1)",True
201,alphafront,,https://app.snyk.io/org/alphafront/project/b5136d37-dc04-4000-9c18-7c10143e19c6,daily,10,2023-01-20T17:23:13.244Z,"IssueCounts(low=0, medium=1, high=1, critical=0)",True
202,alphafront,,https://app.snyk.io/org/alphafront/project/1cc0f0d7-1983-4a03-996e-eea69204278c,daily,2,2023-01-20T17:12:48.233Z,"IssueCounts(low=0, medium=0, high=0, critical=0)",True
203,alphafront,,https://app.snyk.io/org/alphafront/project/9e4ba6cf-cba6-4c75-9fcc-309f6a09118e,daily,35,2023-01-20T17:10:56.449Z,"IssueCounts(low=0, medium=1, high=1, critical=0)",True
204,alphafront,,https://app.snyk.io/org/alphafront/project/2c447cd0-5409-4237-87e4-9a6f2013d776,daily,0,2023-01-20T17:07:23.430Z,"IssueCounts(low=0, medium=0, high=0, critical=0)",True
205,alphafront,,https://app.snyk.io/org/alphafront/project/606bbeb3-0683-4101-b48d-d837553484d0,daily,29,2023-01-20T17:04:04.493Z,"IssueCounts(low=4, medium=3, high=1, critical=0)",True
206,alphafront,,https://app.snyk.io/org/alphafront/project/9212852b-25b5-45d8-82ef-f214720c032b,daily,19,2023-01-20T17:03:01.102Z,"IssueCounts(low=1, medium=6, high=2, critical=1)",True
207,alphafront,,https://app.snyk.io/org/alphafront/project/ec98053c-c591-47e3-bb40-bbcf33a00d76,daily,18,2023-01-20T16:52:55.552Z,"IssueCounts(low=1, medium=4, high=1, critical=0)",True
208,alphafront,,https://app.snyk.io/org/alphafront/project/59cb6037-5b5d-4e9e-beac-0c73513b9b83,daily,0,2023-01-20T16:52:26.393Z,"IssueCounts(low=0, medium=0, high=0, critical=0)",True
209,alphafront,,https://app.snyk.io/org/alphafront/project/51ec4d46-d4ce-416a-9789-b99c6a0039d1,daily,15,2023-01-20T16:52:13.691Z,"IssueCounts(low=0, medium=6, high=2, critical=0)",True
210,alphafront,,https://app.snyk.io/org/alphafront/project/f652b51d-c0c9-483b-ba63-a3a2f49d5da2,daily,23,2023-01-20T16:47:34.411Z,"IssueCounts(low=0, medium=4, high=2, critical=0)",True
211,alphafront,,https://app.snyk.io/org/alphafront/project/1b55aef7-a5f2-4c44-b4e1-6b32188e27c5,daily,403,2023-01-20T10:51:20.119Z,"IssueCounts(low=1, medium=11, high=6, critical=0)",True
212,alphafront,,https://app.snyk.io/org/alphafront/project/882e38e7-4a79-4ab6-bd92-ead29ea6c97b,daily,88,2023-01-20T10:47:47.464Z,"IssueCounts(low=0, medium=0, high=1, critical=0)",True
213,alphafront,,https://app.snyk.io/org/alphafront/project/8aef1804-4148-4f39-b57b-f54109acd704,daily,25,2023-01-20T10:25:18.007Z,"IssueCounts(low=0, medium=5, high=2, critical=0)",True
214,alphafront,,https://app.snyk.io/org/alphafront/project/6a81555f-d410-4024-9cab-3e6a032f0054,daily,16,2023-01-20T09:42:21.943Z,"IssueCounts(low=0, medium=3, high=1, critical=0)",True
215,alphafront,,https://app.snyk.io/org/alphafront/project/ba86341d-f474-48f0-9d17-012602aa3dc0,daily,122,2023-01-20T09:32:38.358Z,"IssueCounts(low=0, medium=8, high=5, critical=2)",True
216,alphafront,,https://app.snyk.io/org/alphafront/project/e6a19fb5-5e04-41e8-9e02-442cc475d44b,daily,0,2023-01-20T09:24:20.635Z,"IssueCounts(low=0, medium=0, high=0, critical=0)",True
217,alphafront,,https://app.snyk.io/org/alphafront/project/5a654540-2fbe-483b-8eb6-890208140aa6,daily,0,2023-01-20T09:17:29.565Z,"IssueCounts(low=0, medium=0, high=0, critical=0)",True
218,alphafront,,https://app.snyk.io/org/alphafront/project/8bf64606-1699-41b1-a1b1-88b508b24c55,daily,85,2023-01-20T09:16:29.784Z,"IssueCounts(low=0, medium=0, high=1, critical=0)",True
219,alphafront,,https://app.snyk.io/org/alphafront/project/9880e3be-f9e5-4f35-83eb-8c7b3257ea95,daily,14,2023-01-20T08:48:08.250Z,"IssueCounts(low=0, medium=1, high=1, critical=0)",True
220,alphafront,,https://app.snyk.io/org/alphafront/project/e42de57d-b33b-4be7-8103-3640552eda29,daily,0,2023-01-20T08:47:45.229Z,"IssueCounts(low=0, medium=0, high=0, critical=0)",True
221,alphafront,,https://app.snyk.io/org/alphafront/project/95b2182c-274b-40f4-84eb-0d6c27c58260,daily,37,2023-01-20T08:39:53.551Z,"IssueCounts(low=0, medium=4, high=1, critical=0)",True
222,alphafront,,https://app.snyk.io/org/alphafront/project/987d6c2f-ff85-4440-9b59-04aa0ff2c475,daily,154,2023-01-20T08:30:02.602Z,"IssueCounts(low=2, medium=4, high=1, critical=0)",True
223,alphafront,,https://app.snyk.io/org/alphafront/project/7adeeb60-532a-4e0c-becc-3e7a9555ad11,daily,414,2023-01-20T08:23:54.459Z,"IssueCounts(low=371, medium=28, high=4, critical=1)",True
224,alphafront,,https://app.snyk.io/org/alphafront/project/af5a3238-bd48-4e2b-a87b-850f94113c87,daily,0,2023-01-20T08:21:02.719Z,"IssueCounts(low=0, medium=0, high=0, critical=0)",True
225,alphafront,,https://app.snyk.io/org/alphafront/project/be4583e8-6357-4f9f-9b50-0632d732f67d,daily,6,2023-01-20T08:06:00.185Z,"IssueCounts(low=0, medium=4, high=1, critical=0)",True
226,alphafront,,https://app.snyk.io/org/alphafront/project/2e096fb6-aa65-462b-a964-9c5bf106d248,daily,34,2023-01-20T08:05:41.001Z,"IssueCounts(low=0, medium=1, high=1, critical=0)",True
227,alphafront,,https://app.snyk.io/org/alphafront/project/e65baa09-7a39-40ab-b732-5688d2a2840c,daily,206,2023-01-20T07:51:03.363Z,"IssueCounts(low=1, medium=4, high=3, critical=0)",True
228,alphafront,,https://app.snyk.io/org/alphafront/project/0a1ed36b-dd8f-4071-8dd3-09191c186b80,daily,96,2023-01-20T07:50:49.116Z,"IssueCounts(low=0, medium=1, high=0, critical=0)",True
229,alphafront,,https://app.snyk.io/org/alphafront/project/3d99a6f0-ffb9-4b0a-8fa4-4be749af655e,weekly,0,2023-01-20T07:48:28.781Z,"IssueCounts(low=2, medium=3, high=0, critical=0)",True
230,alphafront,,https://app.snyk.io/org/alphafront/project/38df0418-d7b4-4d0e-8b8d-76607b2b39fc,daily,39,2023-01-20T07:32:10.646Z,"IssueCounts(low=0, medium=0, high=1, critical=0)",True
231,alphafront,,https://app.snyk.io/org/alphafront/project/b8fd1f0f-47ff-4381-8b50-5e532a12a1c6,daily,2,2023-01-20T07:31:16.386Z,"IssueCounts(low=0, medium=0, high=0, critical=0)",True
232,alphafront,,https://app.snyk.io/org/alphafront/project/d23ddc42-590f-4e6a-a85e-a77c1dbf0a8c,daily,70,2023-01-20T07:01:21.306Z,"IssueCounts(low=0, medium=0, high=0, critical=0)",True
233,alphafront,,https://app.snyk.io/org/alphafront/project/452d0c8d-ed31-49bc-81be-a4aaa1afec33,daily,39,2023-01-20T06:57:37.553Z,"IssueCounts(low=0, medium=0, high=1, critical=0)",True
234,alphafront,,https://app.snyk.io/org/alphafront/project/539536a7-9203-4fce-a854-0608457a05e2,daily,16,2023-01-20T06:54:03.848Z,"IssueCounts(low=0, medium=3, high=1, critical=0)",True
235,alphafront,,https://app.snyk.io/org/alphafront/project/034fb5d6-040e-4792-8222-c4d3da240ddf,weekly,0,2023-01-20T06:49:42.996Z,"IssueCounts(low=2, medium=3, high=0, critical=0)",True
236,alphafront,,https://app.snyk.io/org/alphafront/project/01509af0-2fc8-4fbf-8945-417104e5b678,daily,1,2023-01-20T06:43:10.398Z,"IssueCounts(low=0, medium=0, high=0, critical=0)",True
237,alphafront,,https://app.snyk.io/org/alphafront/project/f9a7bd64-3802-4e77-ae3f-a59a8d5f2525,daily,7,2023-01-20T06:41:50.602Z,"IssueCounts(low=0, medium=0, high=0, critical=0)",True
238,alphafront,,https://app.snyk.io/org/alphafront/project/3d1385b5-db3c-44e2-b3ec-b3dd2df642d7,daily,0,2023-01-20T06:41:13.556Z,"IssueCounts(low=0, medium=0, high=0, critical=0)",True
239,alphafront,,https://app.snyk.io/org/alphafront/project/0948b911-ed1a-4ee8-94a4-6302ed7e2951,daily,3,2023-01-20T06:21:06.429Z,"IssueCounts(low=0, medium=0, high=0, critical=0)",True
240,alphafront,,https://app.snyk.io/org/alphafront/project/b443ccb5-233d-436b-a734-fe6956259bef,daily,2,2023-01-20T06:16:48.034Z,"IssueCounts(low=0, medium=0, high=0, critical=0)",True
241,alphafront,,https://app.snyk.io/org/alphafront/project/d8c97264-a496-4b20-9c13-f210b1ecdc58,weekly,0,2023-01-20T06:16:29.654Z,"IssueCounts(low=2, medium=3, high=0, critical=0)",True
242,alphafront,,https://app.snyk.io/org/alphafront/project/ca6ae861-4099-4ce8-84b4-67e63c2e6006,weekly,0,2023-01-20T06:15:47.594Z,"IssueCounts(low=1, medium=3, high=0, critical=0)",True
243,alphafront,,https://app.snyk.io/org/alphafront/project/812a75e1-6248-4176-b132-2aaba364de4b,daily,271,2023-01-20T05:55:09.064Z,"IssueCounts(low=2, medium=5, high=4, critical=0)",True
244,alphafront,,https://app.snyk.io/org/alphafront/project/500a2bf5-36ca-49df-b015-a29aa2b3ef27,daily,94,2023-01-20T05:44:39.751Z,"IssueCounts(low=66, medium=1, high=2, critical=1)",True
245,alphafront,,https://app.snyk.io/org/alphafront/project/36425e88-976d-4730-977f-d2e76d78d8cf,daily,260,2023-01-20T05:41:02.498Z,"IssueCounts(low=1, medium=14, high=9, critical=0)",True
246,alphafront,,https://app.snyk.io/org/alphafront/project/a708e6a4-26e7-4135-a21c-fe58d8a38ffe,daily,37,2023-01-20T05:21:04.814Z,"IssueCounts(low=0, medium=4, high=1, critical=0)",True
247,alphafront,,https://app.snyk.io/org/alphafront/project/a0c84bad-d240-4c91-a1e6-ae5b74a9dbac,daily,39,2023-01-20T05:14:27.087Z,"IssueCounts(low=0, medium=0, high=1, critical=0)",True
248,alphafront,,https://app.snyk.io/org/alphafront/project/7026b389-9eda-403d-85a4-8fe4b2ce7e49,daily,77,2023-01-20T05:13:00.451Z,"IssueCounts(low=0, medium=20, high=7, critical=1)",True
249,alphafront,,https://app.snyk.io/org/alphafront/project/c90d6922-7b74-4cb4-b4b4-41c8a2db0108,daily,2,2023-01-20T05:01:42.966Z,"IssueCounts(low=0, medium=0, high=0, critical=0)",True
250,alphafront,,https://app.snyk.io/org/alphafront/project/9e38720c-8de0-4d3d-9e1e-5d2e0cf9fc73,daily,5,2023-01-20T04:59:54.263Z,"IssueCounts(low=0, medium=0, high=0, critical=0)",True
251,alphafront,,https://app.snyk.io/org/alphafront/project/f7603209-b994-4732-aa75-e0ca40757d24,daily,22,2023-01-20T04:49:27.681Z,"IssueCounts(low=0, medium=2, high=1, critical=0)",True
252,alphafront,,https://app.snyk.io/org/alphafront/project/3125e6a2-6cf9-470e-8369-c7c303103633,weekly,0,2023-01-20T04:47:21.133Z,"IssueCounts(low=2, medium=3, high=0, critical=0)",True
253,alphafront,,https://app.snyk.io/org/alphafront/project/f7e1022b-5e28-49b6-bcc7-b697282d041d,daily,1,2023-01-20T04:42:56.949Z,"IssueCounts(low=0, medium=0, high=0, critical=0)",True
254,alphafront,,https://app.snyk.io/org/alphafront/project/344a8a01-dd33-4435-92d2-006ac9cf15a0,daily,39,2023-01-20T04:36:26.047Z,"IssueCounts(low=0, medium=0, high=1, critical=0)",True
255,alphafront,,https://app.snyk.io/org/alphafront/project/bfa885af-2225-4702-a53a-9b8c6cf66857,daily,0,2023-01-20T04:26:51.314Z,"IssueCounts(low=0, medium=1, high=0, critical=0)",True
256,alphafront,,https://app.snyk.io/org/alphafront/project/e9d6bfa9-b4f3-43ea-9396-38876398ef27,daily,47,2023-01-20T04:18:18.389Z,"IssueCounts(low=0, medium=3, high=2, critical=0)",True
257,alphafront,,https://app.snyk.io/org/alphafront/project/697326d9-e4d1-4c4c-a5b5-e8b9c1e454ab,daily,1431,2023-01-20T04:11:29.941Z,"IssueCounts(low=7, medium=79, high=163, critical=8)",True
258,alphafront,,https://app.snyk.io/org/alphafront/project/3f9d331e-e352-4710-9cc9-475362617a44,daily,33,2023-01-20T03:56:55.141Z,"IssueCounts(low=1, medium=9, high=4, critical=2)",True
259,alphafront,,https://app.snyk.io/org/alphafront/project/bfa8baf9-8acc-40f1-8435-46d0c5fa1005,daily,1,2023-01-20T03:46:13.460Z,"IssueCounts(low=0, medium=0, high=0, critical=0)",True
260,alphafront,,https://app.snyk.io/org/alphafront/project/bcdf9011-ec1d-4b3f-b35c-40b42591e864,daily,28,2023-01-20T03:45:57.194Z,"IssueCounts(low=0, medium=5, high=1, critical=0)",True
261,alphafront,,https://app.snyk.io/org/alphafront/project/139cee9b-67a6-485b-b6bd-020c99d8f858,daily,77,2023-01-20T03:42:18.017Z,"IssueCounts(low=0, medium=20, high=7, critical=1)",True
262,alphafront,,https://app.snyk.io/org/alphafront/project/4bddadc0-a83a-4152-9f4c-0c2900c65ec9,daily,309,2023-01-20T03:36:16.729Z,"IssueCounts(low=2, medium=15, high=11, critical=1)",True
263,alphafront,,https://app.snyk.io/org/alphafront/project/abe90d85-4627-4d3e-8269-f906c1ca92b7,daily,0,2023-01-20T03:35:55.479Z,"IssueCounts(low=0, medium=0, high=0, critical=0)",True
264,alphafront,,https://app.snyk.io/org/alphafront/project/36b2f6d7-9f67-4bac-80b3-70b33452aa78,daily,8,2023-01-20T03:28:12.348Z,"IssueCounts(low=0, medium=0, high=0, critical=0)",True
265,alphafront,,https://app.snyk.io/org/alphafront/project/d647ba15-e953-412e-8785-707f8fb75fc9,daily,405,2023-01-20T03:23:50.120Z,"IssueCounts(low=0, medium=3, high=2, critical=1)",True
266,alphafront,,https://app.snyk.io/org/alphafront/project/2efa6c63-6a38-44d9-8b5b-897d55fe1e81,daily,104,2023-01-20T03:17:17.372Z,"IssueCounts(low=2, medium=2, high=2, critical=0)",True
267,alphafront,,https://app.snyk.io/org/alphafront/project/e80be7e9-6078-4c8d-8b10-bbc20504d50c,daily,0,2023-01-20T03:02:48.821Z,"IssueCounts(low=0, medium=0, high=0, critical=0)",True
268,alphafront,,https://app.snyk.io/org/alphafront/project/4426ad75-7ca5-4899-b09f-35c6501c5215,daily,2,2023-01-20T02:56:54.943Z,"IssueCounts(low=0, medium=0, high=0, critical=0)",True
269,alphafront,,https://app.snyk.io/org/alphafront/project/27e2a4f0-7d11-444a-8089-0582c73a1657,daily,27,2023-01-20T02:45:21.968Z,"IssueCounts(low=0, medium=4, high=5, critical=0)",True
270,alphafront,,https://app.snyk.io/org/alphafront/project/f2629eae-bf29-45a3-9c29-c52c1cd1f11a,daily,39,2023-01-20T02:40:43.293Z,"IssueCounts(low=0, medium=0, high=1, critical=0)",True
271,alphafront,,https://app.snyk.io/org/alphafront/project/58c20f7e-59be-4f74-b0c5-f12c35893f5b,daily,0,2023-01-20T02:26:42.405Z,"IssueCounts(low=0, medium=0, high=0, critical=0)",True
272,alphafront,,https://app.snyk.io/org/alphafront/project/08407a63-3094-482a-bd2a-d9d0a421a05a,daily,35,2023-01-20T02:07:35.678Z,"IssueCounts(low=0, medium=0, high=0, critical=0)",True
273,alphafront,,https://app.snyk.io/org/alphafront/project/7c99aae6-a144-4869-aefa-be105c166f1f,daily,0,2023-01-20T01:59:41.828Z,"IssueCounts(low=0, medium=0, high=0, critical=0)",True
274,alphafront,,https://app.snyk.io/org/alphafront/project/51f6303d-c5d0-48a8-9789-c77067302e4c,daily,21,2023-01-20T01:57:10.543Z,"IssueCounts(low=0, medium=1, high=1, critical=0)",True
275,alphafront,,https://app.snyk.io/org/alphafront/project/1003b020-998f-416a-9563-6eb3576ce77b,daily,1476,2023-01-20T01:53:13.139Z,"IssueCounts(low=2, medium=23, high=13, critical=0)",True
276,alphafront,,https://app.snyk.io/org/alphafront/project/619d94e4-9343-41fa-ab44-f633eeb188c1,daily,0,2023-01-20T01:51:17.197Z,"IssueCounts(low=0, medium=0, high=0, critical=0)",True
277,alphafront,,https://app.snyk.io/org/alphafront/project/28c84a13-4e81-43de-a6c1-d9043de26d88,daily,1740,2023-01-20T01:45:01.159Z,"IssueCounts(low=2, medium=33, high=19, critical=0)",True
278,alphafront,,https://app.snyk.io/org/alphafront/project/cee72c29-2fea-46d3-a890-365d019dba40,daily,44,2023-01-20T01:29:23.287Z,"IssueCounts(low=0, medium=0, high=0, critical=0)",True
279,alphafront,,https://app.snyk.io/org/alphafront/project/ffaca08b-c524-4220-8c49-0313eb194e24,daily,16,2023-01-20T01:05:48.602Z,"IssueCounts(low=0, medium=2, high=2, critical=0)",True
280,alphafront,,https://app.snyk.io/org/alphafront/project/e57f9b4a-9bcf-4184-aecd-8ded0267797e,daily,178,2023-01-20T00:54:47.370Z,"IssueCounts(low=94, medium=8, high=12, critical=9)",True
281,alphafront,,https://app.snyk.io/org/alphafront/project/89a3136d-9f68-4a63-9696-ad4aeccfa503,daily,388,2023-01-20T00:50:34.356Z,"IssueCounts(low=2, medium=11, high=5, critical=0)",True
282,alphafront,,https://app.snyk.io/org/alphafront/project/49f9e08e-4011-4590-8d7a-0486a58292b1,daily,0,2023-01-20T00:49:43.153Z,"IssueCounts(low=0, medium=1, high=0, critical=0)",True
283,alphafront,,https://app.snyk.io/org/alphafront/project/d70a84ab-0678-4901-bdd4-823e332f6374,daily,23,2023-01-20T00:42:22.597Z,"IssueCounts(low=0, medium=4, high=2, critical=0)",True
284,alphafront,,https://app.snyk.io/org/alphafront/project/ebdeb617-2424-4876-9947-4e4b154d0565,daily,38,2023-01-20T00:26:21.756Z,"IssueCounts(low=0, medium=4, high=1, critical=0)",True
285,alphafront,,https://app.snyk.io/org/alphafront/project/4e6c927c-9803-4b1f-9635-1c9230e5d15a,daily,35,2023-01-20T00:15:36.395Z,"IssueCounts(low=0, medium=1, high=1, critical=0)",True
286,alphafront,,https://app.snyk.io/org/alphafront/project/b823aae5-281c-4ef7-b47e-ffeb6aeb6654,daily,271,2023-01-20T00:15:13.291Z,"IssueCounts(low=2, medium=5, high=4, critical=0)",True
287,alphafront,,https://app.snyk.io/org/alphafront/project/7675fea0-f8c4-43d2-b1b1-fc0954aa6ddf,daily,47,2023-01-20T00:07:04.705Z,"IssueCounts(low=0, medium=3, high=2, critical=0)",True
288,alphafront,,https://app.snyk.io/org/alphafront/project/c1be00d8-5095-4f6f-86ae-a4b49565892a,daily,1444,2023-01-19T23:58:32.116Z,"IssueCounts(low=2, medium=26, high=13, critical=0)",True
289,alphafront,,https://app.snyk.io/org/alphafront/project/88f41f47-85bc-4eb2-ad0f-c91e448d47d4,daily,276,2023-01-19T23:58:18.496Z,"IssueCounts(low=1, medium=14, high=9, critical=0)",True
290,alphafront,,https://app.snyk.io/org/alphafront/project/4f4aa055-fea0-435c-8d1c-9b09410baab9,daily,47,2023-01-19T23:56:56.936Z,"IssueCounts(low=0, medium=3, high=2, critical=0)",True
291,alphafront,,https://app.snyk.io/org/alphafront/project/28cdf4c7-a682-454d-94c4-5a833c7e162e,daily,0,2023-01-19T23:52:49.569Z,"IssueCounts(low=0, medium=0, high=0, critical=0)",True
292,alphafront,,https://app.snyk.io/org/alphafront/project/4573e8ae-bc7e-4d9c-8406-43aaf03d8e88,daily,414,2023-01-19T23:34:49.332Z,"IssueCounts(low=372, medium=27, high=4, critical=1)",True
293,alphafront,,https://app.snyk.io/org/alphafront/project/5f53edf1-e7db-4eba-9c82-297d0bceaaaa,daily,16,2023-01-19T23:23:49.083Z,"IssueCounts(low=0, medium=0, high=0, critical=0)",True
294,alphafront,,https://app.snyk.io/org/alphafront/project/c5910a4f-886e-461c-8100-2a5d42a1d319,daily,1,2023-01-19T23:23:16.819Z,"IssueCounts(low=0, medium=0, high=0, critical=0)",True
295,alphafront,,https://app.snyk.io/org/alphafront/project/7fddba33-5b84-49fe-a176-16f8ab73656c,daily,6,2023-01-19T23:16:29.955Z,"IssueCounts(low=0, medium=0, high=0, critical=0)",True
296,alphafront,,https://app.snyk.io/org/alphafront/project/0d28507c-5bc6-4aab-ac75-4dfeebda49bf,daily,146,2023-01-19T23:08:59.602Z,"IssueCounts(low=1, medium=4, high=2, critical=0)",True
297,alphafront,,https://app.snyk.io/org/alphafront/project/a0ae0d5a-c0d1-40cf-96a8-f3ad0b68133e,daily,0,2023-01-19T23:00:02.633Z,"IssueCounts(low=0, medium=0, high=0, critical=0)",True
298,alphafront,,https://app.snyk.io/org/alphafront/project/add18f7b-9663-42be-906d-f7ea1f3a723b,daily,1481,2023-01-19T22:58:39.624Z,"IssueCounts(low=10, medium=111, high=205, critical=10)",True
299,alphafront,,https://app.snyk.io/org/alphafront/project/04d68788-78d7-43a6-a5fb-f7ea9121b8df,daily,7,2023-01-19T22:55:51.068Z,"IssueCounts(low=0, medium=0, high=0, critical=0)",True
300,alphafront,,https://app.snyk.io/org/alphafront/project/8fe47441-829b-4359-baf9-5eb4a0270b99,daily,277,2023-01-19T22:40:07.970Z,"IssueCounts(low=2, medium=5, high=4, critical=0)",True
301,alphafront,,https://app.snyk.io/org/alphafront/project/7cf7c4ab-7eea-4885-a26b-09ed3af703b1,weekly,0,2023-01-19T22:29:28.352Z,"IssueCounts(low=2, medium=3, high=0, critical=0)",True
302,alphafront,,https://app.snyk.io/org/alphafront/project/cf2cc537-8701-45e9-a335-d1b434bb7296,daily,366,2023-01-19T22:17:16.170Z,"IssueCounts(low=2, medium=15, high=12, critical=1)",True
303,alphafront,,https://app.snyk.io/org/alphafront/project/905d1969-72c7-41ad-b21c-3b29f5200aa4,daily,39,2023-01-19T22:15:17.960Z,"IssueCounts(low=0, medium=1, high=1, critical=0)",True
304,alphafront,,https://app.snyk.io/org/alphafront/project/c4dcd11e-8b6f-44f2-8b58-0ca16e51936e,daily,25,2023-01-19T22:11:49.650Z,"IssueCounts(low=0, medium=5, high=2, critical=0)",True
305,alphafront,,https://app.snyk.io/org/alphafront/project/9ee74957-9379-40a3-b4bc-fa3627eae093,daily,47,2023-01-19T22:11:38.839Z,"IssueCounts(low=0, medium=0, high=0, critical=0)",True
306,alphafront,,https://app.snyk.io/org/alphafront/project/e2e68e99-6879-4511-859b-045e89197f52,daily,16,2023-01-19T22:06:33.432Z,"IssueCounts(low=4, medium=10, high=8, critical=1)",True
307,alphafront,,https://app.snyk.io/org/alphafront/project/fc23ef5e-a7bf-4599-9782-456022ec6eb1,daily,414,2023-01-19T22:01:32.633Z,"IssueCounts(low=372, medium=27, high=4, critical=1)",True
308,alphafront,,https://app.snyk.io/org/alphafront/project/849b8ab6-345b-497d-a5ec-037f324d638d,daily,0,2023-01-19T21:47:02.675Z,"IssueCounts(low=0, medium=0, high=0, critical=0)",True
309,alphafront,,https://app.snyk.io/org/alphafront/project/e6b66e66-ca5a-40f5-8e23-7a1095144eff,daily,143,2023-01-19T21:42:22.517Z,"IssueCounts(low=91, medium=6, high=3, critical=1)",True
310,alphafront,,https://app.snyk.io/org/alphafront/project/729c62f4-dc42-4b60-81a9-df38ca2b2a28,daily,210,2023-01-19T21:41:15.900Z,"IssueCounts(low=1, medium=2, high=0, critical=0)",True
311,alphafront,,https://app.snyk.io/org/alphafront/project/450ffc3b-f3ae-4017-b68f-9b3fb5b4c48b,daily,0,2023-01-19T21:40:40.978Z,"IssueCounts(low=0, medium=0, high=0, critical=0)",True
312,alphafront,,https://app.snyk.io/org/alphafront/project/0cef0c43-72c8-4d2c-955c-c7cfa6151394,daily,2,2023-01-19T21:39:57.253Z,"IssueCounts(low=1, medium=1, high=0, critical=0)",True
313,alphafront,,https://app.snyk.io/org/alphafront/project/a7967ca2-d463-411c-992b-265e11834101,daily,1,2023-01-19T21:37:22.801Z,"IssueCounts(low=0, medium=0, high=0, critical=0)",True
314,alphafront,,https://app.snyk.io/org/alphafront/project/a4c70e75-4cd4-4e64-8274-069a8f0cf502,daily,7,2023-01-19T21:36:15.723Z,"IssueCounts(low=0, medium=0, high=0, critical=0)",True
315,alphafront,,https://app.snyk.io/org/alphafront/project/44bee3c4-76b2-4ffe-bd0e-ad545bf8661e,daily,16,2023-01-19T21:35:59.180Z,"IssueCounts(low=0, medium=2, high=2, critical=0)",True
316,alphafront,,https://app.snyk.io/org/alphafront/project/f6155d77-bc57-4e30-8d4b-498d3e508906,daily,271,2023-01-19T21:31:31.012Z,"IssueCounts(low=1, medium=5, high=4, critical=0)",True
317,alphafront,,https://app.snyk.io/org/alphafront/project/1fbe7688-bd68-4e55-b993-cc6f93e92412,daily,14,2023-01-19T21:29:50.808Z,"IssueCounts(low=0, medium=1, high=1, critical=0)",True
318,alphafront,,https://app.snyk.io/org/alphafront/project/8bfb6d54-a599-4223-b43f-8ce496b83c8f,daily,1,2023-01-19T21:24:43.736Z,"IssueCounts(low=0, medium=0, high=0, critical=0)",True
319,alphafront,,https://app.snyk.io/org/alphafront/project/eb50bf82-7ee1-4679-9846-bc666fd6b015,daily,15,2023-01-19T21:13:25.427Z,"IssueCounts(low=0, medium=0, high=0, critical=0)",True
320,alphafront,,https://app.snyk.io/org/alphafront/project/8aeb3070-bba1-4707-a249-54cdb7954447,daily,15,2023-01-19T21:11:37.116Z,"IssueCounts(low=0, medium=1, high=0, critical=0)",True
321,alphafront,,https://app.snyk.io/org/alphafront/project/332affdd-e84e-4d37-85d6-5f3e324a7ed2,daily,7,2023-01-19T21:06:51.149Z,"IssueCounts(low=0, medium=8, high=15, critical=1)",True
322,alphafront,,https://app.snyk.io/org/alphafront/project/059566f0-1076-48fd-a586-e170cca6922c,daily,0,2023-01-19T20:57:37.072Z,"IssueCounts(low=0, medium=0, high=0, critical=0)",True
323,alphafront,,https://app.snyk.io/org/alphafront/project/4fae9a73-94a6-4431-b598-763a1a6e7094,daily,0,2023-01-19T20:45:43.981Z,"IssueCounts(low=0, medium=0, high=0, critical=0)",True
324,alphafront,,https://app.snyk.io/org/alphafront/project/ef9a3ffe-df10-4d71-ba4d-dc00f7c5bf68,daily,19,2023-01-19T20:33:54.103Z,"IssueCounts(low=0, medium=3, high=1, critical=0)",True
325,alphafront,,https://app.snyk.io/org/alphafront/project/03bb2f74-30b3-4444-8d98-a783c1071b3c,daily,105,2023-01-19T20:32:57.234Z,"IssueCounts(low=0, medium=0, high=0, critical=0)",True
326,alphafront,,https://app.snyk.io/org/alphafront/project/5b517235-be26-4654-8d68-dd37ec8add57,daily,414,2023-01-19T20:32:26.764Z,"IssueCounts(low=372, medium=27, high=4, critical=1)",True
327,alphafront,,https://app.snyk.io/org/alphafront/project/d49a6412-2676-4fce-8d15-2f30f601064d,daily,47,2023-01-19T20:16:57.350Z,"IssueCounts(low=0, medium=3, high=2, critical=0)",True
328,alphafront,,https://app.snyk.io/org/alphafront/project/5ac7d432-e9a5-4152-8df0-34f91fa9d7d2,daily,16,2023-01-19T20:16:23.481Z,"IssueCounts(low=0, medium=2, high=2, critical=0)",True
329,alphafront,,https://app.snyk.io/org/alphafront/project/677125e0-603a-474d-942d-54e0f974b221,weekly,0,2023-01-19T18:04:05.554Z,"IssueCounts(low=1, medium=3, high=0, critical=0)",True
330,alphafront,,https://app.snyk.io/org/alphafront/project/f5dd8242-5da1-40f3-9c91-491c6436fb76,weekly,0,2023-01-19T16:30:47.156Z,"IssueCounts(low=2, medium=3, high=0, critical=0)",True
331,alphafront,,https://app.snyk.io/org/alphafront/project/70182b49-c48e-4795-a03c-506a37c7090c,weekly,0,2023-01-17T06:41:20.550Z,"IssueCounts(low=0, medium=2, high=0, critical=0)",True
332,alphafront,,https://app.snyk.io/org/alphafront/project/922acdfc-af40-4d28-9ee2-0f3ba99d01cc,weekly,0,2023-01-17T06:18:37.338Z,"IssueCounts(low=8, medium=3, high=0, critical=0)",True
333,alphafront,,https://app.snyk.io/org/alphafront/project/af8a7713-b671-422c-8691-4f4a17e21443,weekly,0,2023-01-17T05:45:34.828Z,"IssueCounts(low=13, medium=7, high=12, critical=0)",True
334,alphafront,,https://app.snyk.io/org/alphafront/project/101bb280-8065-42ef-8388-a99858845e24,weekly,0,2023-01-17T05:28:25.811Z,"IssueCounts(low=4, medium=1, high=0, critical=0)",True
335,alphafront,,https://app.snyk.io/org/alphafront/project/a63ef74d-5041-49d3-ba64-11581e4ec336,weekly,0,2023-01-17T05:10:31.407Z,"IssueCounts(low=0, medium=0, high=0, critical=0)",True
336,alphafront,,https://app.snyk.io/org/alphafront/project/84595d00-5cc9-4806-8670-d6e6d09e823f,weekly,0,2023-01-17T04:49:37.500Z,"IssueCounts(low=1, medium=2, high=0, critical=0)",True
337,alphafront,,https://app.snyk.io/org/alphafront/project/a5fe7955-6d59-4a4b-89d1-ba9b8f24cf0a,weekly,0,2023-01-17T04:37:34.882Z,"IssueCounts(low=2, medium=3, high=0, critical=0)",True
338,alphafront,,https://app.snyk.io/org/alphafront/project/5072bede-d6cc-4dc0-960d-a8d45110cc8f,weekly,0,2023-01-17T04:00:35.255Z,"IssueCounts(low=4, medium=1, high=0, critical=0)",True
339,alphafront,,https://app.snyk.io/org/alphafront/project/e84ed550-6c1e-4c46-9296-f5d21b5523f6,weekly,0,2023-01-17T03:59:15.140Z,"IssueCounts(low=2, medium=3, high=0, critical=0)",True
340,alphafront,,https://app.snyk.io/org/alphafront/project/87ccf1ea-19af-4994-9d74-d843e369e3c8,weekly,0,2023-01-17T03:34:01.466Z,"IssueCounts(low=0, medium=2, high=0, critical=0)",True
341,alphafront,,https://app.snyk.io/org/alphafront/project/4699ae2f-84fb-4cdd-aae7-22ce174258e5,weekly,0,2023-01-17T03:33:03.816Z,"IssueCounts(low=0, medium=0, high=0, critical=0)",True
342,alphafront,,https://app.snyk.io/org/alphafront/project/04bbcbb3-c616-48ad-9027-cfaf66608f13,weekly,0,2023-01-17T03:01:50.566Z,"IssueCounts(low=17, medium=0, high=0, critical=0)",True
343,alphafront,,https://app.snyk.io/org/alphafront/project/0f0768f9-a0d6-4203-b2eb-58b12a728912,weekly,0,2023-01-17T02:32:21.227Z,"IssueCounts(low=14, medium=1, high=0, critical=0)",True
344,alphafront,,https://app.snyk.io/org/alphafront/project/03d1789e-ace8-4412-8f59-919da1c0534b,weekly,0,2023-01-17T02:30:05.426Z,"IssueCounts(low=2, medium=0, high=0, critical=0)",True
345,alphafront,,https://app.snyk.io/org/alphafront/project/5da3e2fd-763e-4ddd-9f64-857889b3d77a,weekly,0,2023-01-17T02:16:25.107Z,"IssueCounts(low=5, medium=1, high=0, critical=0)",True
346,alphafront,,https://app.snyk.io/org/alphafront/project/49ab3e4d-cd80-4e1d-b0c9-6755b5b9e480,weekly,0,2023-01-17T02:15:29.106Z,"IssueCounts(low=1, medium=1, high=0, critical=0)",True
347,alphafront,,https://app.snyk.io/org/alphafront/project/0706d840-2837-491b-91ff-01ab12734cb0,weekly,0,2023-01-17T01:51:36.251Z,"IssueCounts(low=4, medium=1, high=4, critical=0)",True
348,alphafront,,https://app.snyk.io/org/alphafront/project/b75b02e2-30d4-4ac8-98b4-cf1ab38258b4,weekly,0,2023-01-17T01:49:15.085Z,"IssueCounts(low=2, medium=0, high=0, critical=0)",True
349,alphafront,,https://app.snyk.io/org/alphafront/project/d0f5397a-e716-4731-9e58-fe0d40504b8b,weekly,0,2023-01-17T01:36:15.025Z,"IssueCounts(low=17, medium=0, high=0, critical=0)",True
350,alphafront,,https://app.snyk.io/org/alphafront/project/3284dba1-89c3-4e0d-a45b-509cd435e869,weekly,0,2023-01-17T00:56:55.353Z,"IssueCounts(low=2, medium=3, high=0, critical=0)",True
351,alphafront,,https://app.snyk.io/org/alphafront/project/bbcf9e47-e1ef-40d3-bf5a-f2f74e6d0259,weekly,0,2023-01-17T00:36:52.516Z,"IssueCounts(low=2, medium=0, high=0, critical=0)",True
352,alphafront,,https://app.snyk.io/org/alphafront/project/8bc47a46-4665-45c4-9798-f604804956e2,weekly,0,2023-01-17T00:25:10.571Z,"IssueCounts(low=3, medium=0, high=0, critical=0)",True
353,alphafront,,https://app.snyk.io/org/alphafront/project/158a7b46-8c07-44d8-ae77-421032540756,weekly,0,2023-01-16T23:51:30.596Z,"IssueCounts(low=0, medium=0, high=0, critical=0)",True
354,alphafront,,https://app.snyk.io/org/alphafront/project/e8ff1ce8-d72b-4cfb-b51f-e1d563353d1a,weekly,0,2023-01-16T23:29:50.955Z,"IssueCounts(low=0, medium=0, high=0, critical=0)",True
355,alphafront,,https://app.snyk.io/org/alphafront/project/c534218e-643e-4d6a-94ff-4af4ead615a5,weekly,0,2023-01-16T23:00:48.760Z,"IssueCounts(low=2, medium=3, high=0, critical=0)",True
356,alphafront,,https://app.snyk.io/org/alphafront/project/8f58bba7-5d07-43e0-a4f6-1f8164aad0d4,weekly,0,2023-01-16T22:06:27.283Z,"IssueCounts(low=0, medium=0, high=0, critical=0)",True
357,alphafront,,https://app.snyk.io/org/alphafront/project/da91b736-a325-4646-bd33-f12d5358b9b1,weekly,0,2023-01-16T21:47:29.562Z,"IssueCounts(low=0, medium=0, high=0, critical=0)",True
358,alphafront,,https://app.snyk.io/org/alphafront/project/e710617e-4033-468e-bfcb-8de5603a7db0,weekly,0,2023-01-16T21:45:56.254Z,"IssueCounts(low=2, medium=3, high=0, critical=0)",True
359,alphafront,,https://app.snyk.io/org/alphafront/project/10453a91-a82e-4fa2-838f-f8719b35d488,weekly,0,2023-01-16T21:44:21.353Z,"IssueCounts(low=2, medium=2, high=0, critical=0)",True
360,alphafront,,https://app.snyk.io/org/alphafront/project/ac300c61-5cba-4ceb-ae2b-e3c1c459ab32,weekly,0,2023-01-16T20:59:36.784Z,"IssueCounts(low=2, medium=2, high=0, critical=0)",True
361,alphafront,,https://app.snyk.io/org/alphafront/project/f48b5c71-0745-4683-913f-d32806aa7007,weekly,0,2023-01-16T20:49:19.522Z,"IssueCounts(low=10, medium=3, high=4, critical=0)",True
362,alphafront,,https://app.snyk.io/org/alphafront/project/543f94b6-e458-438f-bd37-dd0810d6d920,weekly,0,2023-01-16T20:42:07.908Z,"IssueCounts(low=4, medium=1, high=0, critical=0)",True
363,alphafront,,https://app.snyk.io/org/alphafront/project/ba18b96c-1747-4cb3-b066-e7aceb30089d,weekly,0,2023-01-16T20:27:20.891Z,"IssueCounts(low=4, medium=0, high=0, critical=0)",True
364,alphafront,,https://app.snyk.io/org/alphafront/project/dc5252be-093a-4f8a-b5fb-9ddad1935ce6,weekly,0,2023-01-16T20:12:30.799Z,"IssueCounts(low=2, medium=3, high=0, critical=0)",True
365,alphafront,,https://app.snyk.io/org/alphafront/project/3e0445d1-362d-43e3-adac-7138942649ff,weekly,0,2023-01-16T19:26:27.104Z,"IssueCounts(low=0, medium=0, high=0, critical=0)",True
366,alphafront,,https://app.snyk.io/org/alphafront/project/a6126832-da35-4f45-b726-25b5062ead16,weekly,0,2023-01-16T19:09:07.113Z,"IssueCounts(low=0, medium=0, high=0, critical=0)",True
367,alphafront,,https://app.snyk.io/org/alphafront/project/3afc44f1-d273-4d85-9631-1e6b75d34f51,weekly,0,2023-01-16T19:00:15.239Z,"IssueCounts(low=2, medium=2, high=0, critical=0)",True
368,alphafront,,https://app.snyk.io/org/alphafront/project/0763cc2d-51fc-49a4-939a-087f80097486,weekly,0,2023-01-16T18:51:48.613Z,"IssueCounts(low=3, medium=0, high=0, critical=0)",True
369,alphafront,,https://app.snyk.io/org/alphafront/project/e51f0beb-5f08-48ce-8972-4a269925d296,weekly,0,2023-01-16T18:35:40.098Z,"IssueCounts(low=0, medium=3, high=0, critical=0)",True
370,alphafront,,https://app.snyk.io/org/alphafront/project/0d49e2be-cd53-47a1-a838-a73e01c7939b,weekly,0,2023-01-16T18:32:19.422Z,"IssueCounts(low=5, medium=0, high=0, critical=0)",True
371,alphafront,,https://app.snyk.io/org/alphafront/project/a39aa5f2-acfb-442c-84eb-5ed8f140ef04,weekly,0,2023-01-16T17:53:11.560Z,"IssueCounts(low=2, medium=3, high=0, critical=0)",True
372,alphafront,,https://app.snyk.io/org/alphafront/project/344753da-207f-4503-8ccf-8f9d1e0d149a,weekly,0,2023-01-16T17:53:01.331Z,"IssueCounts(low=5, medium=0, high=0, critical=0)",True
373,alphafront,,https://app.snyk.io/org/alphafront/project/75253095-36d5-445a-baf6-ffa525484dec,weekly,0,2023-01-16T17:48:28.689Z,"IssueCounts(low=14, medium=1, high=0, critical=0)",True
374,alphafront,,https://app.snyk.io/org/alphafront/project/e47dd021-92f5-4f15-993a-1a2607093aa7,weekly,0,2023-01-16T17:31:34.828Z,"IssueCounts(low=0, medium=0, high=0, critical=0)",True
375,alphafront,,https://app.snyk.io/org/alphafront/project/35539afd-8f4b-430f-bea5-c3a98d273d54,weekly,0,2023-01-16T17:28:17.474Z,"IssueCounts(low=7, medium=4, high=4, critical=0)",True
376,alphafront,,https://app.snyk.io/org/alphafront/project/25007f00-fca2-4232-b8bc-a1232016232e,weekly,0,2023-01-16T17:07:16.233Z,"IssueCounts(low=0, medium=0, high=0, critical=0)",True
377,alphafront,,https://app.snyk.io/org/alphafront/project/cc6657ea-ca62-4e6b-989d-1778a7d7f0ac,weekly,0,2023-01-16T16:38:19.251Z,"IssueCounts(low=0, medium=0, high=0, critical=0)",True
378,alphafront,,https://app.snyk.io/org/alphafront/project/06956bb1-bc46-485f-b4e4-509936e2936d,weekly,0,2023-01-14T21:51:51.200Z,"IssueCounts(low=2, medium=2, high=0, critical=0)",True
379,alphafront,,https://app.snyk.io/org/alphafront/project/8a9792c6-9885-4825-9923-e771329c395c,weekly,0,2023-01-10T00:47:01.154Z,"IssueCounts(low=1, medium=0, high=0, critical=0)",True
380,alphafront,,https://app.snyk.io/org/alphafront/project/1869cf6c-e924-46dd-bcfc-9befa3d49339,never,580,2023-01-09T10:40:30.136Z,"IssueCounts(low=0, medium=3, high=5, critical=0)",True
381,alphafront,,https://app.snyk.io/org/alphafront/project/998d0c2e-01be-432e-bf3e-821d3cb6b841,never,46,2022-10-14T06:29:49.940Z,"IssueCounts(low=0, medium=4, high=3, critical=0)",True
382,alphafront,,https://app.snyk.io/org/alphafront/project/b393e6b5-a41b-46cd-ab8d-b898127e8b5c,daily,4,2022-09-17T17:15:40.352Z,"IssueCounts(low=0, medium=0, high=0, critical=0)",True
383,alphafront,,https://app.snyk.io/org/alphafront/project/8a9432e7-66ee-4305-b27e-8fe1a057fd18,weekly,0,2022-09-17T01:04:08.203Z,"IssueCounts(low=1, medium=2, high=0, critical=0)",True
384,alphafront,,https://app.snyk.io/org/alphafront/project/f8079f07-8f1b-4aa1-9314-6812e59b3cbc,never,66,2022-08-26T15:22:45.070Z,"IssueCounts(low=0, medium=22, high=27, critical=3)",True
385,alphafront,,https://app.snyk.io/org/alphafront/project/c64183fe-f666-4066-a9b4-98edb70617ff,never,51,2022-08-26T15:22:12.269Z,"IssueCounts(low=3, medium=15, high=11, critical=6)",True
386,alphafront,,https://app.snyk.io/org/alphafront/project/77210169-e881-49b7-9f77-e45ea75bf84f,never,22,2022-08-26T15:22:01.785Z,"IssueCounts(low=0, medium=4, high=2, critical=0)",True
387,alphafront,,https://app.snyk.io/org/alphafront/project/7550a856-611d-4ce1-9558-9cea27fcaf74,never,27,2022-08-26T15:22:01.764Z,"IssueCounts(low=0, medium=15, high=18, critical=1)",True
388,alphafront,,https://app.snyk.io/org/alphafront/project/b8afdc79-43bb-4617-b6df-1ccb2ea21ebd,never,23,2022-08-26T15:21:50.918Z,"IssueCounts(low=0, medium=5, high=3, critical=0)",True
389,alphafront,,https://app.snyk.io/org/alphafront/project/8f7b2027-7b47-4190-97f6-449ec2effb34,never,380,2022-08-26T15:21:39.232Z,"IssueCounts(low=23, medium=514, high=373, critical=88)",True
390,alphafront,,https://app.snyk.io/org/alphafront/project/58258274-7986-4a0d-b57f-064eb391e4b5,never,15,2022-08-26T15:21:37.982Z,"IssueCounts(low=0, medium=3, high=1, critical=0)",True
391,alphafront,,https://app.snyk.io/org/alphafront/project/72f97eb1-c052-4423-97c7-bb1a879511cd,never,737,2022-08-26T15:21:33.259Z,"IssueCounts(low=3, medium=4, high=15, critical=0)",True
392,alphafront,,https://app.snyk.io/org/alphafront/project/c72a67e4-fc56-4720-8d72-80c763d504c0,never,0,2022-08-26T15:21:31.513Z,"IssueCounts(low=0, medium=0, high=0, critical=0)",True
393,alphafront,,https://app.snyk.io/org/alphafront/project/d7d9cc0a-add3-4b58-ab09-928992061b52,never,0,2022-08-26T15:21:31.392Z,"IssueCounts(low=0, medium=0, high=0, critical=0)",True
394,alphafront,,https://app.snyk.io/org/alphafront/project/14946486-ba45-4e37-959e-8dc8ab2320a8,never,0,2022-08-26T15:21:31.328Z,"IssueCounts(low=0, medium=0, high=0, critical=0)",True
395,alphafront,,https://app.snyk.io/org/alphafront/project/c917916f-1d35-45b5-abbc-ebdf66f5a3a1,never,0,2022-08-26T15:21:31.288Z,"IssueCounts(low=0, medium=0, high=0, critical=0)",True
396,alphafront,,https://app.snyk.io/org/alphafront/project/e376d574-c0bc-4983-8925-cd87320b6a7a,never,112,2022-08-26T15:21:31.113Z,"IssueCounts(low=1, medium=2, high=65, critical=0)",True
397,alphafront,,https://app.snyk.io/org/alphafront/project/7a1a5cb7-3c9d-483b-a611-23755d7b603c,never,0,2022-08-26T15:21:30.981Z,"IssueCounts(low=0, medium=0, high=0, critical=0)",True
398,alphafront,,https://app.snyk.io/org/alphafront/project/212b86a5-06b5-465f-b7cf-f8edd3af2527,never,1,2022-08-26T15:21:30.893Z,"IssueCounts(low=0, medium=0, high=0, critical=0)",True
399,alphafront,,https://app.snyk.io/org/alphafront/project/665c1b39-1621-485c-932b-6a9fce5f2565,never,2,2022-08-26T15:21:30.813Z,"IssueCounts(low=0, medium=0, high=0, critical=0)",True
400,alphafront,,https://app.snyk.io/org/alphafront/project/09fbeb9a-0c72-4991-be4a-c72745dcb93d,never,1,2022-08-26T15:21:30.603Z,"IssueCounts(low=0, medium=0, high=0, critical=0)",True
401,alphafront,,https://app.snyk.io/org/alphafront/project/9c87574d-d24e-4bcc-aa9c-915e284a2c42,never,0,2022-08-26T15:21:30.280Z,"IssueCounts(low=0, medium=0, high=0, critical=0)",True
402,alphafront,,https://app.snyk.io/org/alphafront/project/35b65018-7b67-4dc7-9c78-e1058ecb8c14,never,0,2022-08-26T15:21:29.841Z,"IssueCounts(low=0, medium=0, high=0, critical=0)",True
403,alphafront,,https://app.snyk.io/org/alphafront/project/b631fd17-7d7e-41fd-b4cf-a48d5ed0c5a2,never,0,2022-08-26T15:21:29.829Z,"IssueCounts(low=0, medium=0, high=0, critical=0)",True
404,alphafront,,https://app.snyk.io/org/alphafront/project/1544e53c-cc96-4280-9e33-3a9eb40e8d36,never,0,2022-08-26T15:21:29.212Z,"IssueCounts(low=0, medium=1, high=0, critical=0)",True
405,alphafront,,https://app.snyk.io/org/alphafront/project/b2d2d7b4-3040-453c-9b7d-4da591124349,never,13,2022-08-26T15:21:28.969Z,"IssueCounts(low=0, medium=0, high=0, critical=0)",True
406,alphafront,,https://app.snyk.io/org/alphafront/project/556f23b0-1fc6-495c-8040-8f645cc3a68d,never,0,2022-08-26T15:21:28.790Z,"IssueCounts(low=0, medium=1, high=0, critical=0)",True
407,alphafront,,https://app.snyk.io/org/alphafront/project/0b87e03e-4bd6-4c0c-821a-9c08223b0dcd,never,3,2022-08-26T15:21:28.483Z,"IssueCounts(low=0, medium=0, high=0, critical=0)",True
408,alphafront,,https://app.snyk.io/org/alphafront/project/bf6e11e2-32ca-4afa-b192-0776ff0b442f,never,0,2022-08-26T15:21:28.434Z,"IssueCounts(low=0, medium=0, high=0, critical=0)",True
409,alphafront,,https://app.snyk.io/org/alphafront/project/c63bf14c-03fc-45d7-ac3f-f3944b16e2ef,never,0,2022-08-26T15:21:28.417Z,"IssueCounts(low=0, medium=0, high=0, critical=0)",True
410,alphafront,,https://app.snyk.io/org/alphafront/project/60bc47e0-097a-4981-98a4-4c3549e91c3b,never,15,2022-08-26T15:21:27.976Z,"IssueCounts(low=0, medium=1, high=0, critical=0)",True
411,alphafront,,https://app.snyk.io/org/alphafront/project/fe0c6b0e-a701-4050-8611-85cf7bb29986,never,33,2022-08-26T15:21:26.730Z,"IssueCounts(low=1, medium=9, high=4, critical=2)",True
412,alphafront,,https://app.snyk.io/org/alphafront/project/ef6e6398-9421-4b30-b13b-738684ac62a2,never,318,2022-08-26T15:21:25.047Z,"IssueCounts(low=0, medium=7, high=2, critical=0)",True
413,alphafront,,https://app.snyk.io/org/alphafront/project/e2ffe5bc-d799-4afe-9f5a-d290482bb076,never,19,2022-08-26T15:21:24.018Z,"IssueCounts(low=0, medium=3, high=4, critical=2)",True
414,alphafront,,https://app.snyk.io/org/alphafront/project/52d64f64-1816-4b06-a002-b3796265f07b,never,0,2022-08-26T15:21:23.818Z,"IssueCounts(low=0, medium=0, high=0, critical=0)",True
415,alphafront,,https://app.snyk.io/org/alphafront/project/c9632bb2-ec29-4701-8b93-3f557d347434,never,1,2022-08-26T15:21:23.795Z,"IssueCounts(low=0, medium=0, high=0, critical=0)",True
416,alphafront,,https://app.snyk.io/org/alphafront/project/1813ddc4-1250-476b-b4f8-9b98a711925d,never,0,2022-08-26T15:21:23.688Z,"IssueCounts(low=0, medium=5, high=0, critical=0)",True
417,alphafront,,https://app.snyk.io/org/alphafront/project/ce3ed79f-0c4a-4cbf-8554-a8b6d440894b,never,0,2022-08-26T15:21:23.605Z,"IssueCounts(low=0, medium=0, high=0, critical=0)",True
418,alphafront,,https://app.snyk.io/org/alphafront/project/6c59602f-017e-4a49-998d-d6ff62be4e43,never,18,2022-08-26T15:21:23.481Z,"IssueCounts(low=0, medium=3, high=4, critical=2)",True
419,alphafront,,https://app.snyk.io/org/alphafront/project/743235e5-fa64-4d3c-b19b-080bbdfa3aaf,never,13,2022-08-26T15:21:22.824Z,"IssueCounts(low=1, medium=2, high=1, critical=0)",True
420,alphafront,,https://app.snyk.io/org/alphafront/project/f84c3c4f-fe14-42cb-ab41-1fc185595ae4,never,18,2022-08-26T15:21:22.093Z,"IssueCounts(low=0, medium=3, high=4, critical=2)",True
421,alphafront,,https://app.snyk.io/org/alphafront/project/1f0d080c-d9c0-43e7-bb2e-1795b53f109d,never,35,2022-08-26T15:21:22.070Z,"IssueCounts(low=0, medium=7, high=7, critical=2)",True
422,alphafront,,https://app.snyk.io/org/alphafront/project/076eca3e-9116-4c9b-9073-87ccf5a01759,never,48,2022-08-26T15:15:18.598Z,"IssueCounts(low=0, medium=6, high=4, critical=0)",True
423,alphafront,,https://app.snyk.io/org/alphafront/project/b110e79a-6c4e-45f2-be70-308c193d75c3,never,26,2022-08-26T15:15:09.361Z,"IssueCounts(low=4, medium=3, high=2, critical=0)",True
424,alphafront,,https://app.snyk.io/org/alphafront/project/e4ab8762-42c1-41e8-9bc4-00638b0f9e77,never,1642,2022-08-26T15:15:01.320Z,"IssueCounts(low=1, medium=15, high=9, critical=0)",True
425,alphafront,,https://app.snyk.io/org/alphafront/project/f9a54619-429e-4665-acea-c2fc80476425,never,19,2022-08-26T15:15:01.128Z,"IssueCounts(low=4, medium=3, high=0, critical=0)",True
426,alphafront,,https://app.snyk.io/org/alphafront/project/5bb9ee93-36ac-4847-ab3a-ff223f917006,never,414,2022-08-26T15:14:56.814Z,"IssueCounts(low=409, medium=13, high=44, critical=2)",True
427,alphafront,,https://app.snyk.io/org/alphafront/project/5dd8698e-eec4-4ff9-b288-2622cab97419,never,414,2022-08-26T15:14:56.766Z,"IssueCounts(low=409, medium=13, high=44, critical=2)",True
428,alphafront,,https://app.snyk.io/org/alphafront/project/0b82066e-bb79-4373-b412-77347531b95a,never,414,2022-08-26T15:14:56.751Z,"IssueCounts(low=409, medium=13, high=44, critical=2)",True
429,alphafront,,https://app.snyk.io/org/alphafront/project/8e594114-cff1-421f-bb38-0700db5806e4,never,0,2022-08-26T15:14:48.757Z,"IssueCounts(low=0, medium=0, high=0, critical=0)",True
430,alphafront,,https://app.snyk.io/org/alphafront/project/dbccf8cc-7af9-4e5a-a7f3-664a0fe52640,never,18,2022-08-26T15:14:48.348Z,"IssueCounts(low=1, medium=4, high=1, critical=0)",True
431,alphafront,,https://app.snyk.io/org/alphafront/project/09c11654-9208-44a1-813e-4208bc7eebd4,never,94,2022-08-26T15:14:48.240Z,"IssueCounts(low=81, medium=0, high=1, critical=1)",True
432,alphafront,,https://app.snyk.io/org/alphafront/project/bfd066bc-9804-46df-9524-5aaed0d8890a,never,214,2022-08-26T15:14:47.443Z,"IssueCounts(low=0, medium=0, high=1, critical=1)",True
433,alphafront,,https://app.snyk.io/org/alphafront/project/fae9866b-6536-401c-92d9-f3198e8c9066,never,295,2022-08-26T15:14:47.433Z,"IssueCounts(low=0, medium=0, high=1, critical=0)",True
434,alphafront,,https://app.snyk.io/org/alphafront/project/34b6e006-b352-4a5b-abf0-04053c72ca9a,never,94,2022-08-26T15:14:47.387Z,"IssueCounts(low=81, medium=0, high=1, critical=1)",True
435,alphafront,,https://app.snyk.io/org/alphafront/project/24d26655-ada0-45db-aca4-948791ce3d27,never,18,2022-08-26T15:14:46.392Z,"IssueCounts(low=1, medium=4, high=1, critical=0)",True
436,alphafront,,https://app.snyk.io/org/alphafront/project/31f37d8e-3036-4b75-8219-ab8f8f82cc39,never,146,2022-08-26T15:14:44.697Z,"IssueCounts(low=2, medium=2, high=5, critical=0)",True
437,alphafront,,https://app.snyk.io/org/alphafront/project/d2cf6fe0-6060-43cb-85f2-87284590902f,never,146,2022-08-26T15:14:44.630Z,"IssueCounts(low=2, medium=2, high=5, critical=0)",True
438,alphafront,,https://app.snyk.io/org/alphafront/project/198ff66a-a316-4abb-a1df-05206efb8ad4,never,12,2022-08-26T15:14:44.022Z,"IssueCounts(low=0, medium=5, high=1, critical=0)",True
439,alphafront,,https://app.snyk.io/org/alphafront/project/ddf404cb-87f2-4d81-85ae-7c4e9a9a4b9a,never,54,2022-08-26T15:14:42.742Z,"IssueCounts(low=0, medium=1, high=1, critical=0)",True
440,alphafront,,https://app.snyk.io/org/alphafront/project/501ad7f0-9229-407c-9eed-8e1fff091ec2,never,22,2022-08-26T15:14:42.255Z,"IssueCounts(low=0, medium=2, high=1, critical=0)",True
441,alphafront,,https://app.snyk.io/org/alphafront/project/590f2af5-7c9f-4481-b308-315161155214,never,10,2022-08-26T15:14:41.391Z,"IssueCounts(low=0, medium=3, high=0, critical=0)",True
442,alphafront,,https://app.snyk.io/org/alphafront/project/6d98a4dd-1e37-4822-a4e8-b6f4318a0dad,never,491,2022-08-26T15:14:41.228Z,"IssueCounts(low=3, medium=23, high=16, critical=1)",True
443,alphafront,,https://app.snyk.io/org/alphafront/project/e56518d5-4ea4-470a-acc0-2ebb44f14fd3,never,18,2022-08-26T15:14:40.778Z,"IssueCounts(low=1, medium=4, high=1, critical=0)",True
444,alphafront,,https://app.snyk.io/org/alphafront/project/a98bdf18-f678-4a34-9d79-a6ba6d4f256c,never,410,2022-08-26T15:14:40.713Z,"IssueCounts(low=211, medium=2, high=36, critical=5)",True
445,alphafront,,https://app.snyk.io/org/alphafront/project/4232534b-0020-401f-8005-6b1d9c8408c6,never,410,2022-08-26T15:14:40.453Z,"IssueCounts(low=211, medium=2, high=36, critical=5)",True
446,alphafront,,https://app.snyk.io/org/alphafront/project/e9989b92-c20c-4eb1-a17a-721c4546f109,never,10,2022-08-26T15:14:39.715Z,"IssueCounts(low=0, medium=3, high=0, critical=0)",True
447,alphafront,,https://app.snyk.io/org/alphafront/project/ee944d3e-ca45-4334-a9b1-a97b008f9f6f,never,0,2022-08-26T15:14:39.683Z,"IssueCounts(low=0, medium=0, high=0, critical=0)",True
448,alphafront,,https://app.snyk.io/org/alphafront/project/0d7db25d-27c7-4fc0-a8fc-22fab7147220,never,7,2022-08-26T15:14:39.661Z,"IssueCounts(low=0, medium=0, high=0, critical=0)",True
449,alphafront,,https://app.snyk.io/org/alphafront/project/0ae549ae-12b4-4a9f-b2c8-8b2fbce1285c,never,0,2022-08-26T15:14:39.303Z,"IssueCounts(low=0, medium=0, high=0, critical=0)",True
450,alphafront,,https://app.snyk.io/org/alphafront/project/2f6274dd-fc96-417d-a7a4-4e119cbf36c3,never,0,2022-08-26T15:14:38.926Z,"IssueCounts(low=0, medium=0, high=0, critical=0)",True
451,alphafront,,https://app.snyk.io/org/alphafront/project/d655f00f-e24a-46b1-b32a-415330f24707,never,10,2022-08-26T15:14:38.607Z,"IssueCounts(low=0, medium=3, high=0, critical=0)",True
452,alphafront,,https://app.snyk.io/org/alphafront/project/a7fe6dc3-3d35-47c0-b167-78029ef10ef8,never,59,2022-08-26T15:14:37.567Z,"IssueCounts(low=0, medium=0, high=0, critical=0)",True
453,alphafront,,https://app.snyk.io/org/alphafront/project/0d14aae4-7d38-45a0-8de4-0c350cafae81,never,0,2022-08-26T15:14:36.940Z,"IssueCounts(low=0, medium=0, high=0, critical=0)",True
454,alphafront,,https://app.snyk.io/org/alphafront/project/4bfea91e-8a2c-43d3-b617-7323156ee9c0,never,0,2022-08-26T15:14:36.373Z,"IssueCounts(low=0, medium=0, high=0, critical=0)",True
455,alphafront,,https://app.snyk.io/org/alphafront/project/c7b63b53-74b5-47e5-985f-c71480f71336,never,611,2022-08-26T15:14:36.115Z,"IssueCounts(low=0, medium=3, high=4, critical=0)",True
456,alphafront,,https://app.snyk.io/org/alphafront/project/e9023c43-f7c8-45e6-ae0e-6db063819798,never,39,2022-08-26T15:14:34.445Z,"IssueCounts(low=0, medium=0, high=1, critical=0)",True
457,alphafront,,https://app.snyk.io/org/alphafront/project/d0ddd8b1-d602-480b-9ae4-4c8e314bdfa4,never,0,2022-08-26T15:14:34.084Z,"IssueCounts(low=0, medium=0, high=0, critical=0)",True
458,alphafront,,https://app.snyk.io/org/alphafront/project/f22eb72b-d3c3-48bd-a62f-391d69b92cd1,never,0,2022-08-26T15:14:33.155Z,"IssueCounts(low=0, medium=0, high=0, critical=0)",True
459,alphafront,,https://app.snyk.io/org/alphafront/project/d4da4fe4-200b-4d19-afda-2291a39fff35,never,0,2022-08-26T15:14:32.923Z,"IssueCounts(low=0, medium=0, high=0, critical=0)",True
460,alphafront,,https://app.snyk.io/org/alphafront/project/a017360b-23c1-4ffc-a9c1-3ec210f93bec,never,0,2022-08-26T15:14:32.439Z,"IssueCounts(low=0, medium=0, high=0, critical=0)",True
461,alphafront,,https://app.snyk.io/org/alphafront/project/c3c46952-7b6e-4722-8fb3-1ceb328a70bf,never,0,2022-08-26T15:14:32.199Z,"IssueCounts(low=0, medium=0, high=0, critical=0)",True
462,alphafront,,https://app.snyk.io/org/alphafront/project/e96d65f7-f75c-4745-a5ac-fcab64daa509,daily,0,2022-06-18T05:06:01.686Z,"IssueCounts(low=0, medium=0, high=0, critical=0)",True
463,alphafront,,https://app.snyk.io/org/alphafront/project/453b4943-7a6f-42a2-a686-393caa946959,daily,39,2022-06-18T04:24:12.297Z,"IssueCounts(low=2, medium=18, high=53, critical=1)",True
464,alphafront,,https://app.snyk.io/org/alphafront/project/c533e91e-1a99-4224-92d6-38ac1aafbe9f,daily,292,2022-06-18T03:20:27.976Z,"IssueCounts(low=5, medium=42, high=64, critical=1)",True
465,alphafront,,https://app.snyk.io/org/alphafront/project/2e784111-8b26-4b6c-9d5c-b4cbe2ff34dc,daily,296,2022-06-18T00:55:05.911Z,"IssueCounts(low=5, medium=41, high=64, critical=1)",True
466,alphafront,,https://app.snyk.io/org/alphafront/project/2ee1fd3a-4c27-48e3-a6da-291b7fa1b626,daily,0,2022-06-17T21:41:00.412Z,"IssueCounts(low=0, medium=0, high=0, critical=0)",True
467,alphafront,,https://app.snyk.io/org/alphafront/project/77ef9adc-7df4-4415-871e-ffc095e7876c,daily,139,2022-06-17T20:49:15.748Z,"IssueCounts(low=4, medium=26, high=57, critical=1)",True
468,alphafront,,https://app.snyk.io/org/alphafront/project/6aa56a1e-77cb-4966-bc81-d6844e2a9227,weekly,0,2022-06-14T11:07:49.694Z,"IssueCounts(low=0, medium=0, high=0, critical=0)",True
469,alphafront,,https://app.snyk.io/org/alphafront/project/64160e9b-9fcc-4aae-83a5-911cd6ad1dda,weekly,0,2022-06-14T07:10:16.302Z,"IssueCounts(low=0, medium=0, high=0, critical=0)",True
470,alphafront,,https://app.snyk.io/org/alphafront/project/e780e43e-4eea-40d2-b67b-e5cfcfb9b93c,weekly,0,2022-06-13T21:19:21.738Z,"IssueCounts(low=0, medium=0, high=0, critical=0)",True
471,alphafront,,https://app.snyk.io/org/alphafront/project/4e16463d-5abb-427c-9590-745b259c4501,weekly,0,2022-06-13T16:31:18.401Z,"IssueCounts(low=0, medium=0, high=0, critical=0)",True
472,alphafront,,https://app.snyk.io/org/alphafront/project/f738eab2-7cc4-4981-9924-38d437262697,daily,39,2022-05-26T12:50:54.905Z,"IssueCounts(low=0, medium=0, high=1, critical=0)",True
473,alphafront,,https://app.snyk.io/org/alphafront/project/3672d26f-ba20-46e6-8537-884ab125e4fe,never,116,2022-03-31T13:20:46.256Z,"IssueCounts(low=0, medium=1, high=8, critical=0)",True
474,alphafront,,https://app.snyk.io/org/alphafront/project/a7a4030b-aedb-4299-bf10-a5dee8d5e58a,never,32,2022-03-31T13:17:41.243Z,"IssueCounts(low=0, medium=3, high=3, critical=0)",True
475,alphafront,,https://app.snyk.io/org/alphafront/project/9f896dd9-dcc7-4e2b-b10a-bddfcd4e930c,never,43,2022-03-31T13:17:38.523Z,"IssueCounts(low=0, medium=3, high=3, critical=0)",True
476,alphafront,,https://app.snyk.io/org/alphafront/project/3552432e-7cc8-41c2-bbd8-85af787e7782,never,32,2022-03-31T13:03:05.912Z,"IssueCounts(low=0, medium=4, high=3, critical=0)",True
